movie_id,title,clean_title,image_label
1,Toy Story,toy story,image_1.jpg
2,GoldenEye,goldeneye,image_2.jpg
3,Four Rooms,four rooms,image_3.jpg
4,Get Shorty,get shorty,image_4.jpg
5,Copycat,copycat,image_5.jpg
6,Shanghai Triad ,shanghai triad ,image_6.jpg
7,Twelve Monkeys,twelve monkeys,image_7.jpg
8,Babe,babe,image_8.jpg
9,Dead Man Walking,dead man walking,image_9.jpg
10,Richard III,richard iii,image_10.jpg
11,Se7en,se7en,image_11.jpg
12,The Usual Suspects,the usual suspects,image_12.jpg
13,Mighty Aphrodite,mighty aphrodite,image_13.jpg
14,Il Postino,il postino,image_14.jpg
15,Mr. Holland's Opus,mr. holland's opus,image_15.jpg
16,French Twist,french twist,image_16.jpg
17,From Dusk Till Dawn,from dusk till dawn,image_17.jpg
18,The White Balloon,the white balloon,image_18.jpg
19,Antonia's Line,antonia's line,image_19.jpg
20,Angels and Insects,angels and insects,image_20.jpg
21,Muppet Treasure Island,muppet treasure island,image_21.jpg
22,Braveheart,braveheart,image_22.jpg
23,Taxi Driver,taxi driver,image_23.jpg
24,Rumble in the Bronx,rumble in the bronx,image_24.jpg
25,The Birdcage,the birdcage,image_25.jpg
26,The Brothers McMullen,the brothers mcmullen,image_26.jpg
27,Bad Boys,bad boys,image_27.jpg
28,Apollo 13,apollo 13,image_28.jpg
29,Batman Forever,batman forever,image_29.jpg
30,Belle de jour,belle de jour,image_30.jpg
31,Crimson Tide,crimson tide,image_31.jpg
32,Crumb,crumb,image_32.jpg
33,Desperado,desperado,image_33.jpg
34,The Doom Generation,the doom generation,image_34.jpg
35,Free Willy 2: The Adventure Home,free willy 2: the adventure home,image_35.jpg
36,Mad Love,mad love,image_36.jpg
37,Nadja,nadja,image_37.jpg
38,The Net,the net,image_38.jpg
39,Strange Days,strange days,image_39.jpg
40,"To Wong Foo, Thanks for Everything! Julie Newmar","to wong foo, thanks for everything! julie newmar",image_40.jpg
41,Billy Madison,billy madison,image_41.jpg
42,Clerks,clerks,image_42.jpg
43,Disclosure,disclosure,image_43.jpg
44,Dolores Claiborne,dolores claiborne,image_44.jpg
45,Eat Drink Man Woman,eat drink man woman,image_45.jpg
46,Exotica,exotica,image_46.jpg
47,Ed Wood,ed wood,image_47.jpg
48,Hoop Dreams,hoop dreams,image_48.jpg
49,I.Q.,i.q.,image_49.jpg
50,Star Wars,star wars,image_50.jpg
51,Legends of the Fall,legends of the fall,image_51.jpg
52,The Madness of King George,the madness of king george,image_52.jpg
53,Natural Born Killers,natural born killers,image_53.jpg
54,Outbreak,outbreak,image_54.jpg
55,The Professional,the professional,image_55.jpg
56,Pulp Fiction,pulp fiction,image_56.jpg
57,Priest,priest,image_57.jpg
58,Quiz Show,quiz show,image_58.jpg
59,Three Colors: Red,three colors: red,image_59.jpg
60,Three Colors: Blue,three colors: blue,image_60.jpg
61,Three Colors: White,three colors: white,image_61.jpg
62,Stargate,stargate,image_62.jpg
63,The Santa Clause,the santa clause,image_63.jpg
64,The Shawshank Redemption,the shawshank redemption,image_64.jpg
65,What's Eating Gilbert Grape,what's eating gilbert grape,image_65.jpg
66,While You Were Sleeping,while you were sleeping,image_66.jpg
67,Ace Ventura: Pet Detective,ace ventura: pet detective,image_67.jpg
68,The Crow,the crow,image_68.jpg
69,Forrest Gump,forrest gump,image_69.jpg
70,Four Weddings and a Funeral,four weddings and a funeral,image_70.jpg
71,The Lion King,the lion king,image_71.jpg
72,The Mask,the mask,image_72.jpg
73,Maverick,maverick,image_73.jpg
74,Faster Pussycat! Kill! Kill!,faster pussycat! kill! kill!,image_74.jpg
75,Brother Minister: The Assassination of Malcolm X,brother minister: the assassination of malcolm x,image_75.jpg
76,Carlito's Way,carlito's way,image_76.jpg
77,The Firm,the firm,image_77.jpg
78,Free Willy,free willy,image_78.jpg
79,The Fugitive,the fugitive,image_79.jpg
80,Hot Shots! Part Deux,hot shots! part deux,image_80.jpg
81,The Hudsucker Proxy,the hudsucker proxy,image_81.jpg
82,Jurassic Park,jurassic park,image_82.jpg
83,Much Ado About Nothing,much ado about nothing,image_83.jpg
84,Robert A. Heinlein's The Puppet Masters,robert a. heinlein's the puppet masters,image_84.jpg
85,The Ref,the ref,image_85.jpg
86,The Remains of the Day,the remains of the day,image_86.jpg
87,Searching for Bobby Fischer,searching for bobby fischer,image_87.jpg
88,Sleepless in Seattle,sleepless in seattle,image_88.jpg
89,Blade Runner,blade runner,image_89.jpg
90,So I Married an Axe Murderer,so i married an axe murderer,image_90.jpg
91,The Nightmare Before Christmas,the nightmare before christmas,image_91.jpg
92,True Romance,true romance,image_92.jpg
93,Welcome to the Dollhouse,welcome to the dollhouse,image_93.jpg
94,Home Alone,home alone,image_94.jpg
95,Aladdin,aladdin,image_95.jpg
96,Terminator 2: Judgment Day,terminator 2: judgment day,image_96.jpg
97,Dances with Wolves,dances with wolves,image_97.jpg
98,The Silence of the Lambs,the silence of the lambs,image_98.jpg
99,Snow White and the Seven Dwarfs,snow white and the seven dwarfs,image_99.jpg
100,Fargo,fargo,image_100.jpg
101,Heavy Metal,heavy metal,image_101.jpg
102,The Aristocats,the aristocats,image_102.jpg
103,All Dogs Go to Heaven 2,all dogs go to heaven 2,image_103.jpg
104,Theodore Rex,theodore rex,image_104.jpg
105,Sgt. Bilko,sgt. bilko,image_105.jpg
106,Diabolique,diabolique,image_106.jpg
107,Moll Flanders,moll flanders,image_107.jpg
108,Kids in the Hall: Brain Candy,kids in the hall: brain candy,image_108.jpg
109,Mystery Science Theater 3000: The Movie,mystery science theater 3000: the movie,image_109.jpg
110,Operation Dumbo Drop,operation dumbo drop,image_110.jpg
111,The Truth About Cats & Dogs,the truth about cats & dogs,image_111.jpg
112,Flipper,flipper,image_112.jpg
113,The Horseman on the Roof,the horseman on the roof,image_113.jpg
114,Wallace & Gromit: The Best of Aardman Animation,wallace & gromit: the best of aardman animation,image_114.jpg
115,The Haunted World of Edward D. Wood Jr.,the haunted world of edward d. wood jr.,image_115.jpg
116,Cold Comfort Farm,cold comfort farm,image_116.jpg
117,The Rock,the rock,image_117.jpg
118,Twister,twister,image_118.jpg
119,Maya Lin: A Strong Clear Vision,maya lin: a strong clear vision,image_119.jpg
120,Striptease,striptease,image_120.jpg
121,Independence Day,independence day,image_121.jpg
122,The Cable Guy,the cable guy,image_122.jpg
123,The Frighteners,the frighteners,image_123.jpg
124,Lone Star,lone star,image_124.jpg
125,Phenomenon,phenomenon,image_125.jpg
126,The Spitfire Grill,the spitfire grill,image_126.jpg
127,The Godfather,the godfather,image_127.jpg
128,Supercop,supercop,image_128.jpg
129,Bound,bound,image_129.jpg
130,Kansas City,kansas city,image_130.jpg
131,Breakfast at Tiffany's,breakfast at tiffany's,image_131.jpg
132,The Wizard of Oz,the wizard of oz,image_132.jpg
133,Gone with the Wind,gone with the wind,image_133.jpg
134,Citizen Kane,citizen kane,image_134.jpg
135,2001: A Space Odyssey,2001: a space odyssey,image_135.jpg
136,Mr. Smith Goes to Washington,mr. smith goes to washington,image_136.jpg
137,Big Night,big night,image_137.jpg
138,D3: The Mighty Ducks,d3: the mighty ducks,image_138.jpg
139,The Love Bug,the love bug,image_139.jpg
140,Homeward Bound: The Incredible Journey,homeward bound: the incredible journey,image_140.jpg
141,"20,000 Leagues Under the Sea","20,000 leagues under the sea",image_141.jpg
142,Bedknobs and Broomsticks,bedknobs and broomsticks,image_142.jpg
143,The Sound of Music,the sound of music,image_143.jpg
144,Die Hard,die hard,image_144.jpg
145,The Lawnmower Man,the lawnmower man,image_145.jpg
146,Unhook the Stars,unhook the stars,image_146.jpg
147,The Long Kiss Goodnight,the long kiss goodnight,image_147.jpg
148,The Ghost and the Darkness,the ghost and the darkness,image_148.jpg
149,Jude,jude,image_149.jpg
150,Swingers,swingers,image_150.jpg
151,Willy Wonka and the Chocolate Factory,willy wonka and the chocolate factory,image_151.jpg
152,Sleeper,sleeper,image_152.jpg
153,A Fish Called Wanda,a fish called wanda,image_153.jpg
154,Monty Python's Life of Brian,monty python's life of brian,image_154.jpg
155,Dirty Dancing,dirty dancing,image_155.jpg
156,Reservoir Dogs,reservoir dogs,image_156.jpg
157,Platoon,platoon,image_157.jpg
158,Weekend at Bernie's,weekend at bernie's,image_158.jpg
159,Basic Instinct,basic instinct,image_159.jpg
160,Glengarry Glen Ross,glengarry glen ross,image_160.jpg
161,Top Gun,top gun,image_161.jpg
162,On Golden Pond,on golden pond,image_162.jpg
163,The Return of the Pink Panther,the return of the pink panther,image_163.jpg
164,The Abyss,the abyss,image_164.jpg
165,Jean de Florette,jean de florette,image_165.jpg
166,Manon of the Spring,manon of the spring,image_166.jpg
167,Private Benjamin,private benjamin,image_167.jpg
168,Monty Python and the Holy Grail,monty python and the holy grail,image_168.jpg
169,The Wrong Trousers,the wrong trousers,image_169.jpg
170,Cinema Paradiso,cinema paradiso,image_170.jpg
171,Delicatessen,delicatessen,image_171.jpg
172,The Empire Strikes Back,the empire strikes back,image_172.jpg
173,The Princess Bride,the princess bride,image_173.jpg
174,Raiders of the Lost Ark,raiders of the lost ark,image_174.jpg
175,Brazil,brazil,image_175.jpg
176,Aliens,aliens,image_176.jpg
177,"The Good, The Bad and The Ugly","the good, the bad and the ugly",image_177.jpg
178,12 Angry Men,12 angry men,image_178.jpg
179,A Clockwork Orange,a clockwork orange,image_179.jpg
180,Apocalypse Now,apocalypse now,image_180.jpg
181,Return of the Jedi,return of the jedi,image_181.jpg
182,GoodFellas,goodfellas,image_182.jpg
183,Alien,alien,image_183.jpg
184,Army of Darkness,army of darkness,image_184.jpg
185,Psycho,psycho,image_185.jpg
186,The Blues Brothers,the blues brothers,image_186.jpg
187,The Godfather: Part II,the godfather: part ii,image_187.jpg
188,Full Metal Jacket,full metal jacket,image_188.jpg
189,A Grand Day Out,a grand day out,image_189.jpg
190,Henry V,henry v,image_190.jpg
191,Amadeus,amadeus,image_191.jpg
192,Raging Bull,raging bull,image_192.jpg
193,The Right Stuff,the right stuff,image_193.jpg
194,The Sting,the sting,image_194.jpg
195,The Terminator,the terminator,image_195.jpg
196,Dead Poets Society,dead poets society,image_196.jpg
197,The Graduate,the graduate,image_197.jpg
198,Nikita,nikita,image_198.jpg
199,The Bridge on the River Kwai,the bridge on the river kwai,image_199.jpg
200,The Shining,the shining,image_200.jpg
201,Evil Dead II,evil dead ii,image_201.jpg
202,Groundhog Day,groundhog day,image_202.jpg
203,Unforgiven,unforgiven,image_203.jpg
204,Back to the Future,back to the future,image_204.jpg
205,Patton,patton,image_205.jpg
206,Akira,akira,image_206.jpg
207,Cyrano de Bergerac,cyrano de bergerac,image_207.jpg
208,Young Frankenstein,young frankenstein,image_208.jpg
209,This Is Spinal Tap,this is spinal tap,image_209.jpg
210,Indiana Jones and the Last Crusade,indiana jones and the last crusade,image_210.jpg
211,M*A*S*H,m*a*s*h,image_211.jpg
212,The Unbearable Lightness of Being,the unbearable lightness of being,image_212.jpg
213,A Room with a View,a room with a view,image_213.jpg
214,Pink Floyd - The Wall,pink floyd - the wall,image_214.jpg
215,Field of Dreams,field of dreams,image_215.jpg
216,When Harry Met Sally,when harry met sally,image_216.jpg
217,Bram Stoker's Dracula,bram stoker's dracula,image_217.jpg
218,Cape Fear,cape fear,image_218.jpg
219,A Nightmare on Elm Street,a nightmare on elm street,image_219.jpg
220,The Mirror Has Two Faces,the mirror has two faces,image_220.jpg
221,Breaking the Waves,breaking the waves,image_221.jpg
222,Star Trek: First Contact,star trek: first contact,image_222.jpg
223,Sling Blade,sling blade,image_223.jpg
224,Ridicule,ridicule,image_224.jpg
225,101 Dalmatians,101 dalmatians,image_225.jpg
226,Die Hard 2,die hard 2,image_226.jpg
227,Star Trek VI: The Undiscovered Country,star trek vi: the undiscovered country,image_227.jpg
228,Star Trek: The Wrath of Khan,star trek: the wrath of khan,image_228.jpg
229,Star Trek III: The Search for Spock,star trek iii: the search for spock,image_229.jpg
230,Star Trek IV: The Voyage Home,star trek iv: the voyage home,image_230.jpg
231,Batman Returns,batman returns,image_231.jpg
232,Young Guns,young guns,image_232.jpg
233,Under Siege,under siege,image_233.jpg
234,Jaws,jaws,image_234.jpg
235,Mars Attacks!,mars attacks!,image_235.jpg
236,Citizen Ruth,citizen ruth,image_236.jpg
237,Jerry Maguire,jerry maguire,image_237.jpg
238,Raising Arizona,raising arizona,image_238.jpg
239,Sneakers,sneakers,image_239.jpg
240,Beavis and Butt-head Do America,beavis and butt-head do america,image_240.jpg
241,The Last of the Mohicans,the last of the mohicans,image_241.jpg
242,Kolya,kolya,image_242.jpg
243,Jungle2Jungle,jungle2jungle,image_243.jpg
244,Smilla's Sense of Snow,smilla's sense of snow,image_244.jpg
245,The Devil's Own,the devil's own,image_245.jpg
246,Chasing Amy,chasing amy,image_246.jpg
247,Turbo: A Power Rangers Movie,turbo: a power rangers movie,image_247.jpg
248,Grosse Pointe Blank,grosse pointe blank,image_248.jpg
249,Austin Powers: International Man of Mystery,austin powers: international man of mystery,image_249.jpg
250,The Fifth Element,the fifth element,image_250.jpg
251,Shall We Dance?,shall we dance?,image_251.jpg
252,TheLost World: Jurassic Park,thelost world: jurassic park,image_252.jpg
253,The Pillow Book,the pillow book,image_253.jpg
254,Batman & Robin,batman & robin,image_254.jpg
255,My Best Friend's Wedding,my best friend's wedding,image_255.jpg
256,When the Cats Away,when the cats away,image_256.jpg
257,Men in Black,men in black,image_257.jpg
258,Contact,contact,image_258.jpg
259,George of the Jungle,george of the jungle,image_259.jpg
260,Event Horizon,event horizon,image_260.jpg
261,Air Bud,air bud,image_261.jpg
262,In the Company of Men,in the company of men,image_262.jpg
263,Steel,steel,image_263.jpg
264,Mimic,mimic,image_264.jpg
265,The Hunt for Red October,the hunt for red october,image_265.jpg
266,Kull the Conqueror,kull the conqueror,image_266.jpg
267,,nan,image_267.jpg
268,Chasing Amy,chasing amy,image_268.jpg
269,The Full Monty,the full monty,image_269.jpg
270,Gattaca,gattaca,image_270.jpg
271,Starship Troopers,starship troopers,image_271.jpg
272,Good Will Hunting,good will hunting,image_272.jpg
273,Heat,heat,image_273.jpg
274,Sabrina,sabrina,image_274.jpg
275,Sense and Sensibility,sense and sensibility,image_275.jpg
276,Leaving Las Vegas,leaving las vegas,image_276.jpg
277,Restoration,restoration,image_277.jpg
278,Bed of Roses,bed of roses,image_278.jpg
279,Once Upon a Time... When We Were Colored,once upon a time... when we were colored,image_279.jpg
280,Up Close and Personal,up close and personal,image_280.jpg
281,The River Wild,the river wild,image_281.jpg
282,A Time to Kill,a time to kill,image_282.jpg
283,Emma,emma,image_283.jpg
284,Tin Cup,tin cup,image_284.jpg
285,Secrets & Lies,secrets & lies,image_285.jpg
286,The English Patient,the english patient,image_286.jpg
287,Marvin's Room,marvin's room,image_287.jpg
288,Scream,scream,image_288.jpg
289,Evita,evita,image_289.jpg
290,Fierce Creatures,fierce creatures,image_290.jpg
291,Absolute Power,absolute power,image_291.jpg
292,Rosewood,rosewood,image_292.jpg
293,Donnie Brasco,donnie brasco,image_293.jpg
294,Liar Liar,liar liar,image_294.jpg
295,Breakdown,breakdown,image_295.jpg
296,La Promesse,la promesse,image_296.jpg
297,Ulee's Gold,ulee's gold,image_297.jpg
298,Face/Off,face/off,image_298.jpg
299,Hoodlum,hoodlum,image_299.jpg
300,Air Force One,air force one,image_300.jpg
301,In & Out,in & out,image_301.jpg
302,L.A. Confidential,l.a. confidential,image_302.jpg
303,Ulee's Gold,ulee's gold,image_303.jpg
304,Fly Away Home,fly away home,image_304.jpg
305,The Ice Storm,the ice storm,image_305.jpg
306,Mrs. Brown,mrs. brown,image_306.jpg
307,The Devil's Advocate,the devil's advocate,image_307.jpg
308,FairyTale: A True Story,fairytale: a true story,image_308.jpg
309,Deceiver,deceiver,image_309.jpg
310,The Rainmaker,the rainmaker,image_310.jpg
311,The Wings of the Dove,the wings of the dove,image_311.jpg
312,Midnight in the Garden of Good and Evil,midnight in the garden of good and evil,image_312.jpg
313,Titanic,titanic,image_313.jpg
314,3 Ninjas: High Noon At Mega Mountain,3 ninjas: high noon at mega mountain,image_314.jpg
315,Apt Pupil,apt pupil,image_315.jpg
316,As Good As It Gets,as good as it gets,image_316.jpg
317,In the Name of the Father,in the name of the father,image_317.jpg
318,Schindler's List,schindler's list,image_318.jpg
319,Everyone Says I Love You,everyone says i love you,image_319.jpg
320,Paradise Lost: The Child Murders at Robin Hood Hills,paradise lost: the child murders at robin hood hills,image_320.jpg
321,Mother,mother,image_321.jpg
322,Murder at 1600,murder at 1600,image_322.jpg
323,Dante's Peak,dante's peak,image_323.jpg
324,Lost Highway,lost highway,image_324.jpg
325,Crash,crash,image_325.jpg
326,G.I. Jane,g.i. jane,image_326.jpg
327,Cop Land,cop land,image_327.jpg
328,Conspiracy Theory,conspiracy theory,image_328.jpg
329,Desperate Measures,desperate measures,image_329.jpg
330,187,187,image_330.jpg
331,The Edge,the edge,image_331.jpg
332,Kiss the Girls,kiss the girls,image_332.jpg
333,The Game,the game,image_333.jpg
334,U Turn,u turn,image_334.jpg
335,How to Be a Player,how to be a player,image_335.jpg
336,Playing God,playing god,image_336.jpg
337,The House of Yes,the house of yes,image_337.jpg
338,Bean,bean,image_338.jpg
339,Mad City,mad city,image_339.jpg
340,Boogie Nights,boogie nights,image_340.jpg
341,Critical Care,critical care,image_341.jpg
342,The Man Who Knew Too Little,the man who knew too little,image_342.jpg
343,Alien: Resurrection,alien: resurrection,image_343.jpg
344,The Apostle,the apostle,image_344.jpg
345,Deconstructing Harry,deconstructing harry,image_345.jpg
346,Jackie Brown,jackie brown,image_346.jpg
347,Wag the Dog,wag the dog,image_347.jpg
348,Desperate Measures,desperate measures,image_348.jpg
349,Hard Rain,hard rain,image_349.jpg
350,Fallen,fallen,image_350.jpg
351,The Prophecy II,the prophecy ii,image_351.jpg
352,Spice World,spice world,image_352.jpg
353,Deep Rising,deep rising,image_353.jpg
354,The Wedding Singer,the wedding singer,image_354.jpg
355,Sphere,sphere,image_355.jpg
356,The Client,the client,image_356.jpg
357,One Flew Over the Cuckoo's Nest,one flew over the cuckoo's nest,image_357.jpg
358,Spawn,spawn,image_358.jpg
359,The Assignment,the assignment,image_359.jpg
360,Wonderland,wonderland,image_360.jpg
361,Incognito,incognito,image_361.jpg
362,Blues Brothers 2000,blues brothers 2000,image_362.jpg
363,Sudden Death,sudden death,image_363.jpg
364,Ace Ventura: When Nature Calls,ace ventura: when nature calls,image_364.jpg
365,Powder,powder,image_365.jpg
366,Dangerous Minds,dangerous minds,image_366.jpg
367,Clueless,clueless,image_367.jpg
368,Bio-Dome,bio-dome,image_368.jpg
369,Black Sheep,black sheep,image_369.jpg
370,Mary Reilly,mary reilly,image_370.jpg
371,The Bridges of Madison County,the bridges of madison county,image_371.jpg
372,Jeffrey,jeffrey,image_372.jpg
373,Judge Dredd,judge dredd,image_373.jpg
374,Mighty Morphin Power Rangers: The Movie,mighty morphin power rangers: the movie,image_374.jpg
375,Showgirls,showgirls,image_375.jpg
376,Houseguest,houseguest,image_376.jpg
377,Heavyweights,heavyweights,image_377.jpg
378,Miracle on 34th Street,miracle on 34th street,image_378.jpg
379,Tales From the Crypt Presents: Demon Knight,tales from the crypt presents: demon knight,image_379.jpg
380,Star Trek: Generations,star trek: generations,image_380.jpg
381,Muriel's Wedding,muriel's wedding,image_381.jpg
382,"The Adventures of Priscilla, Queen of the Desert","the adventures of priscilla, queen of the desert",image_382.jpg
383,The Flintstones,the flintstones,image_383.jpg
384,Naked Gun 33 1/3: The Final Insult,naked gun 33 1/3: the final insult,image_384.jpg
385,True Lies,true lies,image_385.jpg
386,Addams Family Values,addams family values,image_386.jpg
387,The Age of Innocence,the age of innocence,image_387.jpg
388,Beverly Hills Cop III,beverly hills cop iii,image_388.jpg
389,Black Beauty,black beauty,image_389.jpg
390,Fear of a Black Hat,fear of a black hat,image_390.jpg
391,Last Action Hero,last action hero,image_391.jpg
392,The Man Without a Face,the man without a face,image_392.jpg
393,Mrs. Doubtfire,mrs. doubtfire,image_393.jpg
394,Radioland Murders,radioland murders,image_394.jpg
395,Robin Hood: Men in Tights,robin hood: men in tights,image_395.jpg
396,Serial Mom,serial mom,image_396.jpg
397,Striking Distance,striking distance,image_397.jpg
398,Super Mario Bros.,super mario bros.,image_398.jpg
399,The Three Musketeers,the three musketeers,image_399.jpg
400,The Little Rascals,the little rascals,image_400.jpg
401,The Brady Bunch Movie,the brady bunch movie,image_401.jpg
402,Ghost,ghost,image_402.jpg
403,Batman,batman,image_403.jpg
404,Pinocchio,pinocchio,image_404.jpg
405,Mission: Impossible,mission: impossible,image_405.jpg
406,Thinner,thinner,image_406.jpg
407,Spy Hard,spy hard,image_407.jpg
408,A Close Shave,a close shave,image_408.jpg
409,Jack,jack,image_409.jpg
410,Kingpin,kingpin,image_410.jpg
411,The Nutty Professor,the nutty professor,image_411.jpg
412,A Very Brady Sequel,a very brady sequel,image_412.jpg
413,Tales from the Crypt Presents: Bordello of Blood,tales from the crypt presents: bordello of blood,image_413.jpg
414,My Favorite Year,my favorite year,image_414.jpg
415,The Apple Dumpling Gang,the apple dumpling gang,image_415.jpg
416,Old Yeller,old yeller,image_416.jpg
417,The Parent Trap,the parent trap,image_417.jpg
418,Cinderella,cinderella,image_418.jpg
419,Mary Poppins,mary poppins,image_419.jpg
420,Alice in Wonderland,alice in wonderland,image_420.jpg
421,William Shakespeare's Romeo and Juliet,william shakespeare's romeo and juliet,image_421.jpg
422,Aladdin and the King of Thieves,aladdin and the king of thieves,image_422.jpg
423,E.T. the Extra-Terrestrial,e.t. the extra-terrestrial,image_423.jpg
424,Children of the Corn: The Gathering,children of the corn: the gathering,image_424.jpg
425,Bob Roberts,bob roberts,image_425.jpg
426,The Transformers: The Movie,the transformers: the movie,image_426.jpg
427,To Kill a Mockingbird,to kill a mockingbird,image_427.jpg
428,Harold and Maude,harold and maude,image_428.jpg
429,The Day the Earth Stood Still,the day the earth stood still,image_429.jpg
430,Duck Soup,duck soup,image_430.jpg
431,Highlander,highlander,image_431.jpg
432,Fantasia,fantasia,image_432.jpg
433,Heathers,heathers,image_433.jpg
434,Forbidden Planet,forbidden planet,image_434.jpg
435,Butch Cassidy and the Sundance Kid,butch cassidy and the sundance kid,image_435.jpg
436,An American Werewolf in London,an american werewolf in london,image_436.jpg
437,Amityville 1992: It's About Time,amityville 1992: it's about time,image_437.jpg
438,Amityville 3-D,amityville 3-d,image_438.jpg
439,Amityville: A New Generation,amityville: a new generation,image_439.jpg
440,Amityville II: The Possession,amityville ii: the possession,image_440.jpg
441,The Amityville Horror,the amityville horror,image_441.jpg
442,The Amityville Curse,the amityville curse,image_442.jpg
443,The Birds,the birds,image_443.jpg
444,The Blob,the blob,image_444.jpg
445,The Body Snatcher,the body snatcher,image_445.jpg
446,Burnt Offerings,burnt offerings,image_446.jpg
447,Carrie,carrie,image_447.jpg
448,The Omen,the omen,image_448.jpg
449,Star Trek: The Motion Picture,star trek: the motion picture,image_449.jpg
450,Star Trek V: The Final Frontier,star trek v: the final frontier,image_450.jpg
451,Grease,grease,image_451.jpg
452,Jaws 2,jaws 2,image_452.jpg
453,Jaws 3-D,jaws 3-d,image_453.jpg
454,Bastard Out of Carolina,bastard out of carolina,image_454.jpg
455,Jackie Chan's First Strike,jackie chan's first strike,image_455.jpg
456,Beverly Hills Ninja,beverly hills ninja,image_456.jpg
457,Free Willy 3: The Rescue,free willy 3: the rescue,image_457.jpg
458,Nixon,nixon,image_458.jpg
459,"Cry, the Beloved Country","cry, the beloved country",image_459.jpg
460,The Crossing Guard,the crossing guard,image_460.jpg
461,Smoke,smoke,image_461.jpg
462,Like Water For Chocolate,like water for chocolate,image_462.jpg
463,The Secret of Roan Inish,the secret of roan inish,image_463.jpg
464,Vanya on 42nd Street,vanya on 42nd street,image_464.jpg
465,The Jungle Book,the jungle book,image_465.jpg
466,Red Rock West,red rock west,image_466.jpg
467,A Bronx Tale,a bronx tale,image_467.jpg
468,Rudy,rudy,image_468.jpg
469,Short Cuts,short cuts,image_469.jpg
470,Tombstone,tombstone,image_470.jpg
471,Courage Under Fire,courage under fire,image_471.jpg
472,Dragonheart,dragonheart,image_472.jpg
473,James and the Giant Peach,james and the giant peach,image_473.jpg
474,Dr. Strangelove or: How I Learned to Stop Worrying and Love the Bomb,dr. strangelove or: how i learned to stop worrying and love the bomb,image_474.jpg
475,Trainspotting,trainspotting,image_475.jpg
476,The First Wives Club,the first wives club,image_476.jpg
477,Matilda,matilda,image_477.jpg
478,The Philadelphia Story,the philadelphia story,image_478.jpg
479,Vertigo,vertigo,image_479.jpg
480,North by Northwest,north by northwest,image_480.jpg
481,The Apartment,the apartment,image_481.jpg
482,Some Like It Hot,some like it hot,image_482.jpg
483,Casablanca,casablanca,image_483.jpg
484,The Maltese Falcon,the maltese falcon,image_484.jpg
485,My Fair Lady,my fair lady,image_485.jpg
486,Sabrina,sabrina,image_486.jpg
487,Roman Holiday,roman holiday,image_487.jpg
488,Sunset Blvd.,sunset blvd.,image_488.jpg
489,Notorious,notorious,image_489.jpg
490,To Catch a Thief,to catch a thief,image_490.jpg
491,The Adventures of Robin Hood,the adventures of robin hood,image_491.jpg
492,East of Eden,east of eden,image_492.jpg
493,The Thin Man,the thin man,image_493.jpg
494,His Girl Friday,his girl friday,image_494.jpg
495,Around the World in 80 Days,around the world in 80 days,image_495.jpg
496,It's a Wonderful Life,it's a wonderful life,image_496.jpg
497,Bringing Up Baby,bringing up baby,image_497.jpg
498,The African Queen,the african queen,image_498.jpg
499,Cat on a Hot Tin Roof,cat on a hot tin roof,image_499.jpg
500,Fly Away Home,fly away home,image_500.jpg
501,Dumbo,dumbo,image_501.jpg
502,Bananas,bananas,image_502.jpg
503,The Candidate,the candidate,image_503.jpg
504,Bonnie and Clyde,bonnie and clyde,image_504.jpg
505,Dial M for Murder,dial m for murder,image_505.jpg
506,Rebel Without a Cause,rebel without a cause,image_506.jpg
507,A Streetcar Named Desire,a streetcar named desire,image_507.jpg
508,The People vs. Larry Flynt,the people vs. larry flynt,image_508.jpg
509,My Left Foot,my left foot,image_509.jpg
510,The Magnificent Seven,the magnificent seven,image_510.jpg
511,Lawrence of Arabia,lawrence of arabia,image_511.jpg
512,Wings of Desire,wings of desire,image_512.jpg
513,The Third Man,the third man,image_513.jpg
514,Annie Hall,annie hall,image_514.jpg
515,"Boot, Das","boot, das",image_515.jpg
516,Local Hero,local hero,image_516.jpg
517,Manhattan,manhattan,image_517.jpg
518,Miller's Crossing,miller's crossing,image_518.jpg
519,The Treasure of the Sierra Madre,the treasure of the sierra madre,image_519.jpg
520,The Great Escape,the great escape,image_520.jpg
521,The Deer Hunter,the deer hunter,image_521.jpg
522,Down by Law,down by law,image_522.jpg
523,Cool Hand Luke,cool hand luke,image_523.jpg
524,The Great Dictator,the great dictator,image_524.jpg
525,The Big Sleep,the big sleep,image_525.jpg
526,Ben-Hur,ben-hur,image_526.jpg
527,Gandhi,gandhi,image_527.jpg
528,The Killing Fields,the killing fields,image_528.jpg
529,My Life as a Dog,my life as a dog,image_529.jpg
530,The Man Who Would Be King,the man who would be king,image_530.jpg
531,Shine,shine,image_531.jpg
532,Kama Sutra: A Tale of Love,kama sutra: a tale of love,image_532.jpg
533,The Daytrippers,the daytrippers,image_533.jpg
534,Traveller,traveller,image_534.jpg
535,Addicted to Love,addicted to love,image_535.jpg
536,Ponette,ponette,image_536.jpg
537,My Own Private Idaho,my own private idaho,image_537.jpg
538,Anastasia,anastasia,image_538.jpg
539,Mouse Hunt,mouse hunt,image_539.jpg
540,Money Train,money train,image_540.jpg
541,Mortal Kombat,mortal kombat,image_541.jpg
542,Pocahontas,pocahontas,image_542.jpg
543,Les Misrables,les misrables,image_543.jpg
544,Things to Do in Denver when You're Dead,things to do in denver when you're dead,image_544.jpg
545,Vampire in Brooklyn,vampire in brooklyn,image_545.jpg
546,Broken Arrow,broken arrow,image_546.jpg
547,The Young Poisoner's Handbook,the young poisoner's handbook,image_547.jpg
548,The NeverEnding Story III,the neverending story iii,image_548.jpg
549,Rob Roy,rob roy,image_549.jpg
550,Die Hard: With a Vengeance,die hard: with a vengeance,image_550.jpg
551,Lord of Illusions,lord of illusions,image_551.jpg
552,Species,species,image_552.jpg
553,A Walk in the Clouds,a walk in the clouds,image_553.jpg
554,Waterworld,waterworld,image_554.jpg
555,White Man's Burden,white man's burden,image_555.jpg
556,Wild Bill,wild bill,image_556.jpg
557,Farinelli: il castrato,farinelli: il castrato,image_557.jpg
558,Heavenly Creatures,heavenly creatures,image_558.jpg
559,Interview with the Vampire,interview with the vampire,image_559.jpg
560,A Kid in King Arthur's Court,a kid in king arthur's court,image_560.jpg
561,Mary Shelley's Frankenstein,mary shelley's frankenstein,image_561.jpg
562,The Quick and the Dead,the quick and the dead,image_562.jpg
563,Stephen King's The Langoliers,stephen king's the langoliers,image_563.jpg
564,Tales from the Hood,tales from the hood,image_564.jpg
565,Village of the Damned,village of the damned,image_565.jpg
566,Clear and Present Danger,clear and present danger,image_566.jpg
567,Wes Craven's New Nightmare,wes craven's new nightmare,image_567.jpg
568,Speed,speed,image_568.jpg
569,Wolf,wolf,image_569.jpg
570,Wyatt Earp,wyatt earp,image_570.jpg
571,Another Stakeout,another stakeout,image_571.jpg
572,Blown Away,blown away,image_572.jpg
573,Body Snatchers,body snatchers,image_573.jpg
574,Boxing Helena,boxing helena,image_574.jpg
575,City Slickers II: The Legend of Curly's Gold,city slickers ii: the legend of curly's gold,image_575.jpg
576,Cliffhanger,cliffhanger,image_576.jpg
577,Coneheads,coneheads,image_577.jpg
578,Demolition Man,demolition man,image_578.jpg
579,Fatal Instinct,fatal instinct,image_579.jpg
580,"The Englishman Who Went Up a Hill, But Came Down a Mountain","the englishman who went up a hill, but came down a mountain",image_580.jpg
581,Kalifornia,kalifornia,image_581.jpg
582,The Piano,the piano,image_582.jpg
583,Romeo Is Bleeding,romeo is bleeding,image_583.jpg
584,The Secret Garden,the secret garden,image_584.jpg
585,Son in Law,son in law,image_585.jpg
586,Terminal Velocity,terminal velocity,image_586.jpg
587,The Hour of the Pig,the hour of the pig,image_587.jpg
588,Beauty and the Beast,beauty and the beast,image_588.jpg
589,The Wild Bunch,the wild bunch,image_589.jpg
590,Hellraiser: Bloodline,hellraiser: bloodline,image_590.jpg
591,Primal Fear,primal fear,image_591.jpg
592,True Crime,true crime,image_592.jpg
593,Stalingrad,stalingrad,image_593.jpg
594,Heavy,heavy,image_594.jpg
595,The Fan,the fan,image_595.jpg
596,The Hunchback of Notre Dame,the hunchback of notre dame,image_596.jpg
597,Eraser,eraser,image_597.jpg
598,The Big Squeeze,the big squeeze,image_598.jpg
599,Police Story 4: Project S,police story 4: project s,image_599.jpg
600,Daniel Defoe's Robinson Crusoe,daniel defoe's robinson crusoe,image_600.jpg
601,For Whom the Bell Tolls,for whom the bell tolls,image_601.jpg
602,An American in Paris,an american in paris,image_602.jpg
603,Rear Window,rear window,image_603.jpg
604,It Happened One Night,it happened one night,image_604.jpg
605,Meet Me in St. Louis,meet me in st. louis,image_605.jpg
606,All About Eve,all about eve,image_606.jpg
607,Rebecca,rebecca,image_607.jpg
608,Spellbound,spellbound,image_608.jpg
609,Father of the Bride,father of the bride,image_609.jpg
610,Gigi,gigi,image_610.jpg
611,Laura,laura,image_611.jpg
612,Lost Horizon,lost horizon,image_612.jpg
613,My Man Godfrey,my man godfrey,image_613.jpg
614,Giant,giant,image_614.jpg
615,The 39 Steps,the 39 steps,image_615.jpg
616,Night of the Living Dead,night of the living dead,image_616.jpg
617,The Blue Angel,the blue angel,image_617.jpg
618,Picnic,picnic,image_618.jpg
619,Extreme Measures,extreme measures,image_619.jpg
620,The Chamber,the chamber,image_620.jpg
621,"Davy Crockett, King of the Wild Frontier","davy crockett, king of the wild frontier",image_621.jpg
622,Swiss Family Robinson,swiss family robinson,image_622.jpg
623,Angels in the Outfield,angels in the outfield,image_623.jpg
624,The Three Caballeros,the three caballeros,image_624.jpg
625,The Sword in the Stone,the sword in the stone,image_625.jpg
626,So Dear to My Heart,so dear to my heart,image_626.jpg
627,Robin Hood: Prince of Thieves,robin hood: prince of thieves,image_627.jpg
628,Sleepers,sleepers,image_628.jpg
629,Victor/Victoria,victor/victoria,image_629.jpg
630,The Great Race,the great race,image_630.jpg
631,The Crying Game,the crying game,image_631.jpg
632,Sophie's Choice,sophie's choice,image_632.jpg
633,A Christmas Carol,a christmas carol,image_633.jpg
634,Microcosmos: Le peuple de l'herbe,microcosmos: le peuple de l'herbe,image_634.jpg
635,The Fog,the fog,image_635.jpg
636,Escape from New York,escape from new york,image_636.jpg
637,The Howling,the howling,image_637.jpg
638,The Return of Martin Guerre,the return of martin guerre,image_638.jpg
639,The Tin Drum,the tin drum,image_639.jpg
640,The Cook the Thief His Wife & Her Lover,the cook the thief his wife & her lover,image_640.jpg
641,Paths of Glory,paths of glory,image_641.jpg
642,The Grifters,the grifters,image_642.jpg
643,The Innocent,the innocent,image_643.jpg
644,The Thin Blue Line,the thin blue line,image_644.jpg
645,Paris Is Burning,paris is burning,image_645.jpg
646,Once Upon a Time in the West,once upon a time in the west,image_646.jpg
647,Ran,ran,image_647.jpg
648,The Quiet Man,the quiet man,image_648.jpg
649,Once Upon a Time in America,once upon a time in america,image_649.jpg
650,The Seventh Seal,the seventh seal,image_650.jpg
651,Glory,glory,image_651.jpg
652,Rosencrantz and Guildenstern Are Dead,rosencrantz and guildenstern are dead,image_652.jpg
653,Touch of Evil,touch of evil,image_653.jpg
654,Chinatown,chinatown,image_654.jpg
655,Stand by Me,stand by me,image_655.jpg
656,M,m,image_656.jpg
657,The Manchurian Candidate,the manchurian candidate,image_657.jpg
658,Pump Up the Volume,pump up the volume,image_658.jpg
659,Arsenic and Old Lace,arsenic and old lace,image_659.jpg
660,Fried Green Tomatoes,fried green tomatoes,image_660.jpg
661,High Noon,high noon,image_661.jpg
662,Somewhere in Time,somewhere in time,image_662.jpg
663,Being There,being there,image_663.jpg
664,"Paris, Texas","paris, texas",image_664.jpg
665,Alien 3,alien 3,image_665.jpg
666,Blood For Dracula,blood for dracula,image_666.jpg
667,Audrey Rose,audrey rose,image_667.jpg
668,Blood Beach,blood beach,image_668.jpg
669,Body Parts,body parts,image_669.jpg
670,Body Snatchers,body snatchers,image_670.jpg
671,Bride of Frankenstein,bride of frankenstein,image_671.jpg
672,Candyman,candyman,image_672.jpg
673,Cape Fear,cape fear,image_673.jpg
674,Cat People,cat people,image_674.jpg
675,Nosferatu,nosferatu,image_675.jpg
676,The Crucible,the crucible,image_676.jpg
677,Fire on the Mountain,fire on the mountain,image_677.jpg
678,Volcano,volcano,image_678.jpg
679,Conan the Barbarian,conan the barbarian,image_679.jpg
680,Kull the Conqueror,kull the conqueror,image_680.jpg
681,Wishmaster,wishmaster,image_681.jpg
682,I Know What You Did Last Summer,i know what you did last summer,image_682.jpg
683,Rocket Man,rocket man,image_683.jpg
684,In the Line of Fire,in the line of fire,image_684.jpg
685,Executive Decision,executive decision,image_685.jpg
686,A Perfect World,a perfect world,image_686.jpg
687,McHale's Navy,mchale's navy,image_687.jpg
688,Leave It to Beaver,leave it to beaver,image_688.jpg
689,The Jackal,the jackal,image_689.jpg
690,Seven Years in Tibet,seven years in tibet,image_690.jpg
691,Dark City,dark city,image_691.jpg
692,The American President,the american president,image_692.jpg
693,Casino,casino,image_693.jpg
694,Persuasion,persuasion,image_694.jpg
695,Kicking and Screaming,kicking and screaming,image_695.jpg
696,City Hall,city hall,image_696.jpg
697,The Basketball Diaries,the basketball diaries,image_697.jpg
698,The Browning Version,the browning version,image_698.jpg
699,Little Women,little women,image_699.jpg
700,Miami Rhapsody,miami rhapsody,image_700.jpg
701,"The Wonderful, Horrible Life of Leni Riefenstahl","the wonderful, horrible life of leni riefenstahl",image_701.jpg
702,Barcelona,barcelona,image_702.jpg
703,Widows' Peak,widows' peak,image_703.jpg
704,The House of the Spirits,the house of the spirits,image_704.jpg
705,Singin' in the Rain,singin' in the rain,image_705.jpg
706,Bad Moon,bad moon,image_706.jpg
707,Enchanted April,enchanted april,image_707.jpg
708,"Sex, Lies, and Videotape","sex, lies, and videotape",image_708.jpg
709,Strictly Ballroom,strictly ballroom,image_709.jpg
710,Better Off Dead...,better off dead...,image_710.jpg
711,The Substance of Fire,the substance of fire,image_711.jpg
712,Tin Men,tin men,image_712.jpg
713,Othello,othello,image_713.jpg
714,Carrington,carrington,image_714.jpg
715,To Die For,to die for,image_715.jpg
716,Home for the Holidays,home for the holidays,image_716.jpg
717,The Juror,the juror,image_717.jpg
718,In the Bleak Midwinter,in the bleak midwinter,image_718.jpg
719,Canadian Bacon,canadian bacon,image_719.jpg
720,First Knight,first knight,image_720.jpg
721,Mallrats,mallrats,image_721.jpg
722,Nine Months,nine months,image_722.jpg
723,Boys on the Side,boys on the side,image_723.jpg
724,Circle of Friends,circle of friends,image_724.jpg
725,Exit to Eden,exit to eden,image_725.jpg
726,Fluke,fluke,image_726.jpg
727,Immortal Beloved,immortal beloved,image_727.jpg
728,Junior,junior,image_728.jpg
729,Nell,nell,image_729.jpg
730,Queen Margot,queen margot,image_730.jpg
731,"Corrina, Corrina","corrina, corrina",image_731.jpg
732,Dave,dave,image_732.jpg
733,Go Fish,go fish,image_733.jpg
734,Made in America,made in america,image_734.jpg
735,Philadelphia,philadelphia,image_735.jpg
736,Shadowlands,shadowlands,image_736.jpg
737,Sirens,sirens,image_737.jpg
738,Threesome,threesome,image_738.jpg
739,Pretty Woman,pretty woman,image_739.jpg
740,Jane Eyre,jane eyre,image_740.jpg
741,The Last Supper,the last supper,image_741.jpg
742,Ransom,ransom,image_742.jpg
743,The Crow: City of Angels,the crow: city of angels,image_743.jpg
744,Michael Collins,michael collins,image_744.jpg
745,The Ruling Class,the ruling class,image_745.jpg
746,Real Genius,real genius,image_746.jpg
747,Benny & Joon,benny & joon,image_747.jpg
748,The Saint,the saint,image_748.jpg
749,The MatchMaker,the matchmaker,image_749.jpg
750,Amistad,amistad,image_750.jpg
751,Tomorrow Never Dies,tomorrow never dies,image_751.jpg
752,The Replacement Killers,the replacement killers,image_752.jpg
753,Burnt By the Sun,burnt by the sun,image_753.jpg
754,Red Corner,red corner,image_754.jpg
755,Jumanji,jumanji,image_755.jpg
756,Father of the Bride Part II,father of the bride part ii,image_756.jpg
757,Across the Sea of Time,across the sea of time,image_757.jpg
758,Lawnmower Man 2: Beyond Cyberspace,lawnmower man 2: beyond cyberspace,image_758.jpg
759,Fair Game,fair game,image_759.jpg
760,Screamers,screamers,image_760.jpg
761,Nick of Time,nick of time,image_761.jpg
762,Beautiful Girls,beautiful girls,image_762.jpg
763,Happy Gilmore,happy gilmore,image_763.jpg
764,If Lucy Fell,if lucy fell,image_764.jpg
765,Boomerang,boomerang,image_765.jpg
766,Man of the Year,man of the year,image_766.jpg
767,The Addiction,the addiction,image_767.jpg
768,Casper,casper,image_768.jpg
769,Congo,congo,image_769.jpg
770,Devil in a Blue Dress,devil in a blue dress,image_770.jpg
771,Johnny Mnemonic,johnny mnemonic,image_771.jpg
772,Kids,kids,image_772.jpg
773,Mute Witness,mute witness,image_773.jpg
774,The Prophecy,the prophecy,image_774.jpg
775,Something to Talk About,something to talk about,image_775.jpg
776,Three Wishes,three wishes,image_776.jpg
777,Castle Freak,castle freak,image_777.jpg
778,Don Juan DeMarco,don juan demarco,image_778.jpg
779,Drop Zone,drop zone,image_779.jpg
780,Dumb & Dumber,dumb & dumber,image_780.jpg
781,French Kiss,french kiss,image_781.jpg
782,Little Odessa,little odessa,image_782.jpg
783,Milk Money,milk money,image_783.jpg
784,Beyond Bedlam,beyond bedlam,image_784.jpg
785,Only You,only you,image_785.jpg
786,The Perez Family,the perez family,image_786.jpg
787,Roommates,roommates,image_787.jpg
788,Relative Fear,relative fear,image_788.jpg
789,Swimming with Sharks,swimming with sharks,image_789.jpg
790,Tommy Boy,tommy boy,image_790.jpg
791,The Baby-Sitters Club,the baby-sitters club,image_791.jpg
792,Bullets Over Broadway,bullets over broadway,image_792.jpg
793,Crooklyn,crooklyn,image_793.jpg
794,It Could Happen to You,it could happen to you,image_794.jpg
795,Richie Rich,richie rich,image_795.jpg
796,Speechless,speechless,image_796.jpg
797,Timecop,timecop,image_797.jpg
798,Bad Company,bad company,image_798.jpg
799,Boys Life,boys life,image_799.jpg
800,In the Mouth of Madness,in the mouth of madness,image_800.jpg
801,The Air Up There,the air up there,image_801.jpg
802,Hard Target,hard target,image_802.jpg
803,Heaven & Earth,heaven & earth,image_803.jpg
804,Jimmy Hollywood,jimmy hollywood,image_804.jpg
805,Manhattan Murder Mystery,manhattan murder mystery,image_805.jpg
806,Menace II Society,menace ii society,image_806.jpg
807,Poetic Justice,poetic justice,image_807.jpg
808,The Program,the program,image_808.jpg
809,Rising Sun,rising sun,image_809.jpg
810,The Shadow,the shadow,image_810.jpg
811,Thirty-Two Short Films About Glenn Gould,thirty-two short films about glenn gould,image_811.jpg
812,Andre,andre,image_812.jpg
813,The Celluloid Closet,the celluloid closet,image_813.jpg
814,A Great Day in Harlem,a great day in harlem,image_814.jpg
815,One Fine Day,one fine day,image_815.jpg
816,Candyman: Farewell to the Flesh,candyman: farewell to the flesh,image_816.jpg
817,Frisk,frisk,image_817.jpg
818,Girl 6,girl 6,image_818.jpg
819,Eddie,eddie,image_819.jpg
820,Space Jam,space jam,image_820.jpg
821,Mrs. Winterbourne,mrs. winterbourne,image_821.jpg
822,Faces,faces,image_822.jpg
823,Mulholland Falls,mulholland falls,image_823.jpg
824,The Great White Hype,the great white hype,image_824.jpg
825,The Arrival,the arrival,image_825.jpg
826,The Phantom,the phantom,image_826.jpg
827,Daylight,daylight,image_827.jpg
828,Alaska,alaska,image_828.jpg
829,Fled,fled,image_829.jpg
830,Power 98,power 98,image_830.jpg
831,Escape from L.A.,escape from l.a.,image_831.jpg
832,Bogus,bogus,image_832.jpg
833,Bulletproof,bulletproof,image_833.jpg
834,Halloween: The Curse of Michael Myers,halloween: the curse of michael myers,image_834.jpg
835,The Gay Divorcee,the gay divorcee,image_835.jpg
836,Ninotchka,ninotchka,image_836.jpg
837,Meet John Doe,meet john doe,image_837.jpg
838,In the Line of Duty 2,in the line of duty 2,image_838.jpg
839,Loch Ness,loch ness,image_839.jpg
840,Last Man Standing,last man standing,image_840.jpg
841,The Glimmer Man,the glimmer man,image_841.jpg
842,Pollyanna,pollyanna,image_842.jpg
843,The Shaggy Dog,the shaggy dog,image_843.jpg
844,Freeway,freeway,image_844.jpg
845,That Thing You Do!,that thing you do!,image_845.jpg
846,To Gillian on Her 37th Birthday,to gillian on her 37th birthday,image_846.jpg
847,Looking for Richard,looking for richard,image_847.jpg
848,"Murder, My Sweet","murder, my sweet",image_848.jpg
849,Days of Thunder,days of thunder,image_849.jpg
850,A Perfect Candidate,a perfect candidate,image_850.jpg
851,Two or Three Things I Know About Her,two or three things i know about her,image_851.jpg
852,The Bloody Child,the bloody child,image_852.jpg
853,Braindead,braindead,image_853.jpg
854,Bad Taste,bad taste,image_854.jpg
855,Diva,diva,image_855.jpg
856,Night on Earth,night on earth,image_856.jpg
857,Paris Was a Woman,paris was a woman,image_857.jpg
858,Amityville: Dollhouse,amityville: dollhouse,image_858.jpg
859,April Fool's Day,april fool's day,image_859.jpg
860,The Believers,the believers,image_860.jpg
861,Nosferatu a Venezia,nosferatu a venezia,image_861.jpg
862,Jingle All the Way,jingle all the way,image_862.jpg
863,The Garden of Finzi-Contini,the garden of finzi-contini,image_863.jpg
864,My Fellow Americans,my fellow americans,image_864.jpg
865,The Ice Storm,the ice storm,image_865.jpg
866,Michael,michael,image_866.jpg
867,The Whole Wide World,the whole wide world,image_867.jpg
868,Hearts and Minds,hearts and minds,image_868.jpg
869,Fools Rush In,fools rush in,image_869.jpg
870,Touch,touch,image_870.jpg
871,Vegas Vacation,vegas vacation,image_871.jpg
872,Love Jones,love jones,image_872.jpg
873,Picture Perfect,picture perfect,image_873.jpg
874,Career Girls,career girls,image_874.jpg
875,She's So Lovely,she's so lovely,image_875.jpg
876,Money Talks,money talks,image_876.jpg
877,Excess Baggage,excess baggage,image_877.jpg
878,That Darn Cat!,that darn cat!,image_878.jpg
879,The Peacemaker,the peacemaker,image_879.jpg
880,Soul Food,soul food,image_880.jpg
881,Money Talks,money talks,image_881.jpg
882,Washington Square,washington square,image_882.jpg
883,Telling Lies in America,telling lies in america,image_883.jpg
884,Year of the Horse,year of the horse,image_884.jpg
885,Phantoms,phantoms,image_885.jpg
886,A Life Less Ordinary,a life less ordinary,image_886.jpg
887,Eve's Bayou,eve's bayou,image_887.jpg
888,One Night Stand,one night stand,image_888.jpg
889,The Tango Lesson,the tango lesson,image_889.jpg
890,Mortal Kombat: Annihilation,mortal kombat: annihilation,image_890.jpg
891,Bent,bent,image_891.jpg
892,Flubber,flubber,image_892.jpg
893,For Richer or Poorer,for richer or poorer,image_893.jpg
894,Home Alone 3,home alone 3,image_894.jpg
895,Scream 2,scream 2,image_895.jpg
896,The Sweet Hereafter,the sweet hereafter,image_896.jpg
897,Time Tracers,time tracers,image_897.jpg
898,The Postman,the postman,image_898.jpg
899,The Winter Guest,the winter guest,image_899.jpg
900,Kundun,kundun,image_900.jpg
901,Mr. Magoo,mr. magoo,image_901.jpg
902,The Big Lebowski,the big lebowski,image_902.jpg
903,Afterglow,afterglow,image_903.jpg
904,Ma vie en rose,ma vie en rose,image_904.jpg
905,Great Expectations,great expectations,image_905.jpg
906,Oscar & Lucinda,oscar & lucinda,image_906.jpg
907,Vermin,vermin,image_907.jpg
908,Half Baked,half baked,image_908.jpg
909,Dangerous Beauty,dangerous beauty,image_909.jpg
910,Nil By Mouth,nil by mouth,image_910.jpg
911,Twilight,twilight,image_911.jpg
912,U.S. Marshalls,u.s. marshalls,image_912.jpg
913,Love and Death on Long Island,love and death on long island,image_913.jpg
914,Wild Things,wild things,image_914.jpg
915,Primary Colors,primary colors,image_915.jpg
916,Lost in Space,lost in space,image_916.jpg
917,Mercury Rising,mercury rising,image_917.jpg
918,City of Angels,city of angels,image_918.jpg
919,The City of Lost Children,the city of lost children,image_919.jpg
920,Two Bits,two bits,image_920.jpg
921,Farewell My Concubine,farewell my concubine,image_921.jpg
922,Dead Man,dead man,image_922.jpg
923,Raise the Red Lantern,raise the red lantern,image_923.jpg
924,White Squall,white squall,image_924.jpg
925,Unforgettable,unforgettable,image_925.jpg
926,Down Periscope,down periscope,image_926.jpg
927,The Flower of My Secret,the flower of my secret,image_927.jpg
928,The Craft,the craft,image_928.jpg
929,Harriet the Spy,harriet the spy,image_929.jpg
930,Chain Reaction,chain reaction,image_930.jpg
931,The Island of Dr. Moreau,the island of dr. moreau,image_931.jpg
932,First Kid,first kid,image_932.jpg
933,The Funeral,the funeral,image_933.jpg
934,The Preacher's Wife,the preacher's wife,image_934.jpg
935,Paradise Road,paradise road,image_935.jpg
936,Brassed Off,brassed off,image_936.jpg
937,A Thousand Acres,a thousand acres,image_937.jpg
938,A Smile Like Yours,a smile like yours,image_938.jpg
939,Murder in the First,murder in the first,image_939.jpg
940,Airheads,airheads,image_940.jpg
941,With Honors,with honors,image_941.jpg
942,What's Love Got to Do with It,what's love got to do with it,image_942.jpg
943,Killing Zoe,killing zoe,image_943.jpg
944,Renaissance Man,renaissance man,image_944.jpg
945,Charade,charade,image_945.jpg
946,The Fox and the Hound,the fox and the hound,image_946.jpg
947,The Big Blue,the big blue,image_947.jpg
948,Booty Call,booty call,image_948.jpg
949,How to Make an American Quilt,how to make an american quilt,image_949.jpg
950,Georgia,georgia,image_950.jpg
951,The Indian in the Cupboard,the indian in the cupboard,image_951.jpg
952,Blue in the Face,blue in the face,image_952.jpg
953,Unstrung Heroes,unstrung heroes,image_953.jpg
954,Unzipped,unzipped,image_954.jpg
955,Before Sunrise,before sunrise,image_955.jpg
956,Nobody's Fool,nobody's fool,image_956.jpg
957,Pushing Hands,pushing hands,image_957.jpg
958,To Live,to live,image_958.jpg
959,Dazed and Confused,dazed and confused,image_959.jpg
960,Naked,naked,image_960.jpg
961,Orlando,orlando,image_961.jpg
962,Ruby in Paradise,ruby in paradise,image_962.jpg
963,Some Folks Call It a Sling Blade,some folks call it a sling blade,image_963.jpg
964,A Month by the Lake,a month by the lake,image_964.jpg
965,Funny Face,funny face,image_965.jpg
966,An Affair to Remember,an affair to remember,image_966.jpg
967,Little Lord Fauntleroy,little lord fauntleroy,image_967.jpg
968,The Inspector General,the inspector general,image_968.jpg
969,Winnie the Pooh and the Blustery Day,winnie the pooh and the blustery day,image_969.jpg
970,Hear My Song,hear my song,image_970.jpg
971,Mediterraneo,mediterraneo,image_971.jpg
972,Passion Fish,passion fish,image_972.jpg
973,Grateful Dead,grateful dead,image_973.jpg
974,Eye for an Eye,eye for an eye,image_974.jpg
975,Fear,fear,image_975.jpg
976,Solo,solo,image_976.jpg
977,The Substitute,the substitute,image_977.jpg
978,Heaven's Prisoners,heaven's prisoners,image_978.jpg
979,The Trigger Effect,the trigger effect,image_979.jpg
980,Mother Night,mother night,image_980.jpg
981,Dangerous Ground,dangerous ground,image_981.jpg
982,Maximum Risk,maximum risk,image_982.jpg
983,The Rich Man's Wife,the rich man's wife,image_983.jpg
984,Shadow Conspiracy,shadow conspiracy,image_984.jpg
985,Blood & Wine,blood & wine,image_985.jpg
986,Turbulence,turbulence,image_986.jpg
987,Underworld,underworld,image_987.jpg
988,The Beautician and the Beast,the beautician and the beast,image_988.jpg
989,Cats Don't Dance,cats don't dance,image_989.jpg
990,Anna Karenina,anna karenina,image_990.jpg
991,Keys to Tulsa,keys to tulsa,image_991.jpg
992,Head Above Water,head above water,image_992.jpg
993,Hercules,hercules,image_993.jpg
994,The Last Time I Committed Suicide,the last time i committed suicide,image_994.jpg
995,"Kiss Me, Guido","kiss me, guido",image_995.jpg
996,The Big Green,the big green,image_996.jpg
997,Stuart Saves His Family,stuart saves his family,image_997.jpg
998,Cabin Boy,cabin boy,image_998.jpg
999,Clean Slate,clean slate,image_999.jpg
1000,Lightning Jack,lightning jack,image_1000.jpg
1001,The Stupids,the stupids,image_1001.jpg
1002,The Pest,the pest,image_1002.jpg
1003,That Darn Cat!,that darn cat!,image_1003.jpg
1004,Geronimo: An American Legend,geronimo: an american legend,image_1004.jpg
1005,La Double vie de Vronique,la double vie de vronique,image_1005.jpg
1006,Until the End of the World,until the end of the world,image_1006.jpg
1007,Waiting for Guffman,waiting for guffman,image_1007.jpg
1008,I Shot Andy Warhol,i shot andy warhol,image_1008.jpg
1009,Stealing Beauty,stealing beauty,image_1009.jpg
1010,Basquiat,basquiat,image_1010.jpg
1011,2 Days in the Valley,2 days in the valley,image_1011.jpg
1012,Private Parts,private parts,image_1012.jpg
1013,Anaconda,anaconda,image_1013.jpg
1014,Romy and Michele's High School Reunion,romy and michele's high school reunion,image_1014.jpg
1015,Shiloh,shiloh,image_1015.jpg
1016,Con Air,con air,image_1016.jpg
1017,Trees Lounge,trees lounge,image_1017.jpg
1018,Tie Me Up! Tie Me Down!,tie me up! tie me down!,image_1018.jpg
1019,The Killer,the killer,image_1019.jpg
1020,Gaslight,gaslight,image_1020.jpg
1021,8 1/2,8 1/2,image_1021.jpg
1022,"Fast, Cheap & Out of Control","fast, cheap & out of control",image_1022.jpg
1023,Fathers' Day,fathers' day,image_1023.jpg
1024,Mrs. Dalloway,mrs. dalloway,image_1024.jpg
1025,Fire Down Below,fire down below,image_1025.jpg
1026,The Lay of the Land,the lay of the land,image_1026.jpg
1027,The Shooter,the shooter,image_1027.jpg
1028,Grumpier Old Men,grumpier old men,image_1028.jpg
1029,Jury Duty,jury duty,image_1029.jpg
1030,The Beverly Hillbillies,the beverly hillbillies,image_1030.jpg
1031,Lassie,lassie,image_1031.jpg
1032,Little Big League,little big league,image_1032.jpg
1033,Homeward Bound II: Lost in San Francisco,homeward bound ii: lost in san francisco,image_1033.jpg
1034,The Quest,the quest,image_1034.jpg
1035,Cool Runnings,cool runnings,image_1035.jpg
1036,Drop Dead Fred,drop dead fred,image_1036.jpg
1037,Grease 2,grease 2,image_1037.jpg
1038,Switchback,switchback,image_1038.jpg
1039,Hamlet,hamlet,image_1039.jpg
1040,Two if by Sea,two if by sea,image_1040.jpg
1041,Forget Paris,forget paris,image_1041.jpg
1042,Just Cause,just cause,image_1042.jpg
1043,Rent-a-Kid,rent-a-kid,image_1043.jpg
1044,The Paper,the paper,image_1044.jpg
1045,Fearless,fearless,image_1045.jpg
1046,Malice,malice,image_1046.jpg
1047,Multiplicity,multiplicity,image_1047.jpg
1048,She's the One,she's the one,image_1048.jpg
1049,House Arrest,house arrest,image_1049.jpg
1050,The Ghost and Mrs. Muir,the ghost and mrs. muir,image_1050.jpg
1051,The Associate,the associate,image_1051.jpg
1052,Dracula: Dead and Loving It,dracula: dead and loving it,image_1052.jpg
1053,Now and Then,now and then,image_1053.jpg
1054,Mr. Wrong,mr. wrong,image_1054.jpg
1055,A Simple Twist of Fate,a simple twist of fate,image_1055.jpg
1056,Cronos,cronos,image_1056.jpg
1057,The Pallbearer,the pallbearer,image_1057.jpg
1058,The War,the war,image_1058.jpg
1059,Don't Be a Menace to South Central While Drinking Your Juice in the Hood,don't be a menace to south central while drinking your juice in the hood,image_1059.jpg
1060,The Adventures of Pinocchio,the adventures of pinocchio,image_1060.jpg
1061,The Evening Star,the evening star,image_1061.jpg
1062,Four Days in September,four days in september,image_1062.jpg
1063,A Little Princess,a little princess,image_1063.jpg
1064,Crossfire,crossfire,image_1064.jpg
1065,Koyaanisqatsi,koyaanisqatsi,image_1065.jpg
1066,Balto,balto,image_1066.jpg
1067,Bottle Rocket,bottle rocket,image_1067.jpg
1068,The Star Maker,the star maker,image_1068.jpg
1069,Amateur,amateur,image_1069.jpg
1070,Living in Oblivion,living in oblivion,image_1070.jpg
1071,Party Girl,party girl,image_1071.jpg
1072,A Pyromaniac's Love Story,a pyromaniac's love story,image_1072.jpg
1073,Shallow Grave,shallow grave,image_1073.jpg
1074,Reality Bites,reality bites,image_1074.jpg
1075,A Man of No Importance,a man of no importance,image_1075.jpg
1076,The Pagemaster,the pagemaster,image_1076.jpg
1077,Love and a .45,love and a .45,image_1077.jpg
1078,Oliver & Company,oliver & company,image_1078.jpg
1079,Joe's Apartment,joe's apartment,image_1079.jpg
1080,Celestial Clockwork,celestial clockwork,image_1080.jpg
1081,Curdled,curdled,image_1081.jpg
1082,Female Perversions,female perversions,image_1082.jpg
1083,Albino Alligator,albino alligator,image_1083.jpg
1084,Anne Frank Remembered,anne frank remembered,image_1084.jpg
1085,Carried Away,carried away,image_1085.jpg
1086,It's My Party,it's my party,image_1086.jpg
1087,Bloodsport 2,bloodsport 2,image_1087.jpg
1088,Double Team,double team,image_1088.jpg
1089,Speed 2: Cruise Control,speed 2: cruise control,image_1089.jpg
1090,Sliver,sliver,image_1090.jpg
1091,Pete's Dragon,pete's dragon,image_1091.jpg
1092,Dear God,dear god,image_1092.jpg
1093,Live Nude Girls,live nude girls,image_1093.jpg
1094,A Thin Line Between Love and Hate,a thin line between love and hate,image_1094.jpg
1095,High School High,high school high,image_1095.jpg
1096,Commandments,commandments,image_1096.jpg
1097,Hate,hate,image_1097.jpg
1098,Flirting With Disaster,flirting with disaster,image_1098.jpg
1099,"Red Firecracker, Green Firecracker","red firecracker, green firecracker",image_1099.jpg
1100,What Happened Was...,what happened was...,image_1100.jpg
1101,Six Degrees of Separation,six degrees of separation,image_1101.jpg
1102,Two Much,two much,image_1102.jpg
1103,Trust,trust,image_1103.jpg
1104,Man Bites Dog,man bites dog,image_1104.jpg
1105,Firestorm,firestorm,image_1105.jpg
1106,The Newton Boys,the newton boys,image_1106.jpg
1107,Beyond Rangoon,beyond rangoon,image_1107.jpg
1108,Feast of July,feast of july,image_1108.jpg
1109,Death and the Maiden,death and the maiden,image_1109.jpg
1110,Tank Girl,tank girl,image_1110.jpg
1111,Double Happiness,double happiness,image_1111.jpg
1112,Cobb,cobb,image_1112.jpg
1113,Mrs. Parker and the Vicious Circle,mrs. parker and the vicious circle,image_1113.jpg
1114,Faithful,faithful,image_1114.jpg
1115,Twelfth Night,twelfth night,image_1115.jpg
1116,The Mark of Zorro,the mark of zorro,image_1116.jpg
1117,Surviving Picasso,surviving picasso,image_1117.jpg
1118,Up in Smoke,up in smoke,image_1118.jpg
1119,Some Kind of Wonderful,some kind of wonderful,image_1119.jpg
1120,I'm Not Rappaport,i'm not rappaport,image_1120.jpg
1121,The Umbrellas of Cherbourg,the umbrellas of cherbourg,image_1121.jpg
1122,They Made Me a Criminal,they made me a criminal,image_1122.jpg
1123,The Last Time I Saw Paris,the last time i saw paris,image_1123.jpg
1124,A Farewell to Arms,a farewell to arms,image_1124.jpg
1125,The Innocents,the innocents,image_1125.jpg
1126,The Old Man and the Sea,the old man and the sea,image_1126.jpg
1127,The Truman Show,the truman show,image_1127.jpg
1128,Heidi Fleiss: Hollywood Madam ,heidi fleiss: hollywood madam ,image_1128.jpg
1129,Chungking Express,chungking express,image_1129.jpg
1130,Jupiter's Wife,jupiter's wife,image_1130.jpg
1131,Safe,safe,image_1131.jpg
1132,Feeling Minnesota,feeling minnesota,image_1132.jpg
1133,Escape to Witch Mountain,escape to witch mountain,image_1133.jpg
1134,Get on the Bus,get on the bus,image_1134.jpg
1135,The Doors,the doors,image_1135.jpg
1136,Ghosts of Mississippi,ghosts of mississippi,image_1136.jpg
1137,Beautiful Thing,beautiful thing,image_1137.jpg
1138,Best Men,best men,image_1138.jpg
1139,Hackers,hackers,image_1139.jpg
1140,The Road to Wellville,the road to wellville,image_1140.jpg
1141,The War Room,the war room,image_1141.jpg
1142,When We Were Kings,when we were kings,image_1142.jpg
1143,Hard Eight,hard eight,image_1143.jpg
1144,The Quiet Room,the quiet room,image_1144.jpg
1145,Blue Chips,blue chips,image_1145.jpg
1146,Calendar Girl,calendar girl,image_1146.jpg
1147,My Family,my family,image_1147.jpg
1148,Tom & Viv,tom & viv,image_1148.jpg
1149,Walkabout,walkabout,image_1149.jpg
1150,Last Dance,last dance,image_1150.jpg
1151,Original Gangstas,original gangstas,image_1151.jpg
1152,In Love and War,in love and war,image_1152.jpg
1153,Backbeat,backbeat,image_1153.jpg
1154,Alphaville,alphaville,image_1154.jpg
1155,Rendezvous in Paris,rendezvous in paris,image_1155.jpg
1156,Cyclo,cyclo,image_1156.jpg
1157,The Relic,the relic,image_1157.jpg
1158,A Single Girl,a single girl,image_1158.jpg
1159,Stalker,stalker,image_1159.jpg
1160,Love! Valour! Compassion!,love! valour! compassion!,image_1160.jpg
1161,Palookaville,palookaville,image_1161.jpg
1162,Phat Beach,phat beach,image_1162.jpg
1163,The Portrait of a Lady,the portrait of a lady,image_1163.jpg
1164,Zeus and Roxanne,zeus and roxanne,image_1164.jpg
1165,Big Bully,big bully,image_1165.jpg
1166,Love & Human Remains,love & human remains,image_1166.jpg
1167,The Sum of Us,the sum of us,image_1167.jpg
1168,Little Buddha,little buddha,image_1168.jpg
1169,Fresh,fresh,image_1169.jpg
1170,Spanking the Monkey,spanking the monkey,image_1170.jpg
1171,Wild Reeds,wild reeds,image_1171.jpg
1172,The Women,the women,image_1172.jpg
1173,Bliss,bliss,image_1173.jpg
1174,Caught,caught,image_1174.jpg
1175,Hugo Pool,hugo pool,image_1175.jpg
1176,Welcome To Sarajevo,welcome to sarajevo,image_1176.jpg
1177,Dunston Checks In,dunston checks in,image_1177.jpg
1178,Major Payne,major payne,image_1178.jpg
1179,Man of the House,man of the house,image_1179.jpg
1180,I Love Trouble,i love trouble,image_1180.jpg
1181,A Low Down Dirty Shame,a low down dirty shame,image_1181.jpg
1182,Cops and Robbersons,cops and robbersons,image_1182.jpg
1183,The Cowboy Way,the cowboy way,image_1183.jpg
1184,The Endless Summer 2,the endless summer 2,image_1184.jpg
1185,In the Army Now,in the army now,image_1185.jpg
1186,The Inkwell,the inkwell,image_1186.jpg
1187,Switchblade Sisters,switchblade sisters,image_1187.jpg
1188,Young Guns II,young guns ii,image_1188.jpg
1189,Prefontaine,prefontaine,image_1189.jpg
1190,That Old Feeling,that old feeling,image_1190.jpg
1191,A Letter From Death Row,a letter from death row,image_1191.jpg
1192,The Boys of St. Vincent,the boys of st. vincent,image_1192.jpg
1193,Before the Rain,before the rain,image_1193.jpg
1194,Once Were Warriors,once were warriors,image_1194.jpg
1195,Strawberry and Chocolate,strawberry and chocolate,image_1195.jpg
1196,Savage Nights,savage nights,image_1196.jpg
1197,A Family Thing,a family thing,image_1197.jpg
1198,Purple Noon,purple noon,image_1198.jpg
1199,Cemetery Man,cemetery man,image_1199.jpg
1200,Kim,kim,image_1200.jpg
1201,Marlene Dietrich: Shadow and Light ,marlene dietrich: shadow and light ,image_1201.jpg
1202,"Maybe, Maybe Not","maybe, maybe not",image_1202.jpg
1203,Top Hat,top hat,image_1203.jpg
1204,To Be or Not to Be,to be or not to be,image_1204.jpg
1205,The Secret Agent,the secret agent,image_1205.jpg
1206,Amos & Andrew,amos & andrew,image_1206.jpg
1207,Jade,jade,image_1207.jpg
1208,Kiss of Death,kiss of death,image_1208.jpg
1209,Mixed Nuts,mixed nuts,image_1209.jpg
1210,Virtuosity,virtuosity,image_1210.jpg
1211,Blue Sky,blue sky,image_1211.jpg
1212,Flesh and Bone,flesh and bone,image_1212.jpg
1213,Guilty as Sin,guilty as sin,image_1213.jpg
1214,In the Realm of the Senses,in the realm of the senses,image_1214.jpg
1215,Barb Wire,barb wire,image_1215.jpg
1216,Kissed,kissed,image_1216.jpg
1217,Assassins,assassins,image_1217.jpg
1218,Friday,friday,image_1218.jpg
1219,A Goofy Movie,a goofy movie,image_1219.jpg
1220,Higher Learning,higher learning,image_1220.jpg
1221,When a Man Loves a Woman,when a man loves a woman,image_1221.jpg
1222,Judgment Night,judgment night,image_1222.jpg
1223,King of the Hill,king of the hill,image_1223.jpg
1224,The Scout,the scout,image_1224.jpg
1225,Angus,angus,image_1225.jpg
1226,Night Falls on Manhattan,night falls on manhattan,image_1226.jpg
1227,An Awfully Big Adventure,an awfully big adventure,image_1227.jpg
1228,Under Siege 2: Dark Territory,under siege 2: dark territory,image_1228.jpg
1229,Poison Ivy II,poison ivy ii,image_1229.jpg
1230,Ready to Wear,ready to wear,image_1230.jpg
1231,Marked for Death,marked for death,image_1231.jpg
1232,Madonna: Truth or Dare,madonna: truth or dare,image_1232.jpg
1233,Nenette and Boni,nenette and boni,image_1233.jpg
1234,Chairman of the Board,chairman of the board,image_1234.jpg
1235,The Big Bang Theory,the big bang theory,image_1235.jpg
1236,"Other Voices, Other Rooms","other voices, other rooms",image_1236.jpg
1237,Twisted,twisted,image_1237.jpg
1238,Full Speed,full speed,image_1238.jpg
1239,Cutthroat Island,cutthroat island,image_1239.jpg
1240,Ghost in the Shell,ghost in the shell,image_1240.jpg
1241,The Van,the van,image_1241.jpg
1242,The Old Lady Who Walked in the Sea,the old lady who walked in the sea,image_1242.jpg
1243,Night Flier,night flier,image_1243.jpg
1244,Metro,metro,image_1244.jpg
1245,Gridlock'd,gridlock'd,image_1245.jpg
1246,Bushwhacked,bushwhacked,image_1246.jpg
1247,Bad Girls,bad girls,image_1247.jpg
1248,Blink,blink,image_1248.jpg
1249,For Love or Money,for love or money,image_1249.jpg
1250,Best of the Best 3: No Turning Back,best of the best 3: no turning back,image_1250.jpg
1251,A Chef in Love,a chef in love,image_1251.jpg
1252,Contempt,contempt,image_1252.jpg
1253,The Tie That Binds,the tie that binds,image_1253.jpg
1254,Gone Fishin',gone fishin',image_1254.jpg
1255,Broken English,broken english,image_1255.jpg
1256,The Designated Mourner,the designated mourner,image_1256.jpg
1257,The Designated Mourner,the designated mourner,image_1257.jpg
1258,Trial and Error,trial and error,image_1258.jpg
1259,Pie in the Sky,pie in the sky,image_1259.jpg
1260,Total Eclipse,total eclipse,image_1260.jpg
1261,The Run of the Country,the run of the country,image_1261.jpg
1262,Walking and Talking,walking and talking,image_1262.jpg
1263,Foxfire,foxfire,image_1263.jpg
1264,Nothing to Lose,nothing to lose,image_1264.jpg
1265,Star Maps,star maps,image_1265.jpg
1266,Bread and Chocolate,bread and chocolate,image_1266.jpg
1267,Clockers,clockers,image_1267.jpg
1268,Bitter Moon,bitter moon,image_1268.jpg
1269,Love in the Afternoon,love in the afternoon,image_1269.jpg
1270,Life with Mikey,life with mikey,image_1270.jpg
1271,North,north,image_1271.jpg
1272,Talking About Sex,talking about sex,image_1272.jpg
1273,Color of Night,color of night,image_1273.jpg
1274,Robocop 3,robocop 3,image_1274.jpg
1275,Killer,killer,image_1275.jpg
1276,Sunset Park,sunset park,image_1276.jpg
1277,Set It Off,set it off,image_1277.jpg
1278,Selena,selena,image_1278.jpg
1279,Wild America,wild america,image_1279.jpg
1280,Gang Related,gang related,image_1280.jpg
1281,Manny & Lo,manny & lo,image_1281.jpg
1282,The Grass Harp,the grass harp,image_1282.jpg
1283,Out to Sea,out to sea,image_1283.jpg
1284,Before and After,before and after,image_1284.jpg
1285,Princess Caraboo,princess caraboo,image_1285.jpg
1286,Shall We Dance?,shall we dance?,image_1286.jpg
1287,Ed,ed,image_1287.jpg
1288,Denise Calls Up,denise calls up,image_1288.jpg
1289,Jack and Sarah,jack and sarah,image_1289.jpg
1290,Country Life,country life,image_1290.jpg
1291,Celtic Pride,celtic pride,image_1291.jpg
1292,A Simple Wish,a simple wish,image_1292.jpg
1293,Star Kid,star kid,image_1293.jpg
1294,Ayn Rand: A Sense of Life,ayn rand: a sense of life,image_1294.jpg
1295,Kicked in the Head,kicked in the head,image_1295.jpg
1296,Indian Summer,indian summer,image_1296.jpg
1297,Love Affair,love affair,image_1297.jpg
1298,The Band Wagon,the band wagon,image_1298.jpg
1299,Penny Serenade,penny serenade,image_1299.jpg
1300,'Til There Was You,'til there was you,image_1300.jpg
1301,Stripes,stripes,image_1301.jpg
1302,Late Bloomers,late bloomers,image_1302.jpg
1303,The Getaway,the getaway,image_1303.jpg
1304,New York Cop,new york cop,image_1304.jpg
1305,National Lampoon's Senior Trip,national lampoon's senior trip,image_1305.jpg
1306,Delta of Venus,delta of venus,image_1306.jpg
1307,Carmen Miranda: Bananas Is My Business,carmen miranda: bananas is my business,image_1307.jpg
1308,Babyfever,babyfever,image_1308.jpg
1309,A Very Natural Thing,a very natural thing,image_1309.jpg
1310,A Walk in the Sun,a walk in the sun,image_1310.jpg
1311,Waiting to Exhale,waiting to exhale,image_1311.jpg
1312,The Pompatus of Love,the pompatus of love,image_1312.jpg
1313,Palmetto,palmetto,image_1313.jpg
1314,Surviving the Game,surviving the game,image_1314.jpg
1315,Inventing the Abbotts,inventing the abbotts,image_1315.jpg
1316,The Horse Whisperer,the horse whisperer,image_1316.jpg
1317,The Journey of August King,the journey of august king,image_1317.jpg
1318,Catwalk,catwalk,image_1318.jpg
1319,The Neon Bible,the neon bible,image_1319.jpg
1320,Homage,homage,image_1320.jpg
1321,Open Season,open season,image_1321.jpg
1322,Metisse,metisse,image_1322.jpg
1323,The Wooden Man's Bride,the wooden man's bride,image_1323.jpg
1324,Loaded,loaded,image_1324.jpg
1325,August,august,image_1325.jpg
1326,Boys,boys,image_1326.jpg
1327,Captives,captives,image_1327.jpg
1328,Of Love and Shadows,of love and shadows,image_1328.jpg
1329,The Low Life,the low life,image_1329.jpg
1330,An Unforgettable Summer,an unforgettable summer,image_1330.jpg
1331,"The Last Klezmer: Leopold Kozlowski, His Life and Music","the last klezmer: leopold kozlowski, his life and music",image_1331.jpg
1332,My Life and Times With Antonin Artaud,my life and times with antonin artaud,image_1332.jpg
1333,Midnight Dancers,midnight dancers,image_1333.jpg
1334,Somebody to Love,somebody to love,image_1334.jpg
1335,American Buffalo,american buffalo,image_1335.jpg
1336,Kazaam,kazaam,image_1336.jpg
1337,Larger Than Life,larger than life,image_1337.jpg
1338,Two Deaths,two deaths,image_1338.jpg
1339,Stefano Quantestorie,stefano quantestorie,image_1339.jpg
1340,The Crude Oasis,the crude oasis,image_1340.jpg
1341,Hedd Wyn,hedd wyn,image_1341.jpg
1342,The Convent,the convent,image_1342.jpg
1343,Lotto Land,lotto land,image_1343.jpg
1344,The Story of Xinghua,the story of xinghua,image_1344.jpg
1345,The Day the Sun Turned Cold,the day the sun turned cold,image_1345.jpg
1346,Dingo,dingo,image_1346.jpg
1347,The Ballad of Narayama,the ballad of narayama,image_1347.jpg
1348,Every Other Weekend,every other weekend,image_1348.jpg
1349,Mille bolle blu,mille bolle blu,image_1349.jpg
1350,Crows and Sparrows,crows and sparrows,image_1350.jpg
1351,Lover's Knot,lover's knot,image_1351.jpg
1352,Shadow of Angels,shadow of angels,image_1352.jpg
1353,1-900,1-900,image_1353.jpg
1354,Venice/Venice,venice/venice,image_1354.jpg
1355,Infinity,infinity,image_1355.jpg
1356,Ed's Next Move,ed's next move,image_1356.jpg
1357,For the Moment,for the moment,image_1357.jpg
1358,The Deadly Cure,the deadly cure,image_1358.jpg
1359,Boys in Venice,boys in venice,image_1359.jpg
1360,The Sexual Life of the Belgians,the sexual life of the belgians,image_1360.jpg
1361,The Search for One-eye Jimmy,the search for one-eye jimmy,image_1361.jpg
1362,American Strays,american strays,image_1362.jpg
1363,The Leopard Son,the leopard son,image_1363.jpg
1364,Bird of Prey,bird of prey,image_1364.jpg
1365,Johnny 100 Pesos,johnny 100 pesos,image_1365.jpg
1366,JLG/JLG: Self-Portrait in December,jlg/jlg: self-portrait in december,image_1366.jpg
1367,Faust,faust,image_1367.jpg
1368,Mina Tannenbaum,mina tannenbaum,image_1368.jpg
1369,The Forbidden Christ,the forbidden christ,image_1369.jpg
1370,I Can't Sleep,i can't sleep,image_1370.jpg
1371,The Machine,the machine,image_1371.jpg
1372,The Stranger,the stranger,image_1372.jpg
1373,Good Morning,good morning,image_1373.jpg
1374,Falling in Love Again,falling in love again,image_1374.jpg
1375,The Cement Garden,the cement garden,image_1375.jpg
1376,Meet Wally Sparks,meet wally sparks,image_1376.jpg
1377,Hotel de Love,hotel de love,image_1377.jpg
1378,Rhyme & Reason,rhyme & reason,image_1378.jpg
1379,Love and Other Catastrophes,love and other catastrophes,image_1379.jpg
1380,Hollow Reed,hollow reed,image_1380.jpg
1381,Losing Chase,losing chase,image_1381.jpg
1382,"Bonheur, Le","bonheur, le",image_1382.jpg
1383,The Second Jungle Book: Mowgli & Baloo,the second jungle book: mowgli & baloo,image_1383.jpg
1384,Squeeze,squeeze,image_1384.jpg
1385,Roseanna's Grave,roseanna's grave,image_1385.jpg
1386,Tetsuo II: Body Hammer,tetsuo ii: body hammer,image_1386.jpg
1387,Fall,fall,image_1387.jpg
1388,Gabbeh,gabbeh,image_1388.jpg
1389,Mondo,mondo,image_1389.jpg
1390,The Innocent Sleep,the innocent sleep,image_1390.jpg
1391,For Ever Mozart,for ever mozart,image_1391.jpg
1392,The Locusts,the locusts,image_1392.jpg
1393,Stag,stag,image_1393.jpg
1394,Swept from the Sea,swept from the sea,image_1394.jpg
1395,Hurricane Streets,hurricane streets,image_1395.jpg
1396,Stonewall,stonewall,image_1396.jpg
1397,Of Human Bondage,of human bondage,image_1397.jpg
1398,Anna,anna,image_1398.jpg
1399,Stranger in the House,stranger in the house,image_1399.jpg
1400,Picture Bride,picture bride,image_1400.jpg
1401,M. Butterfly,m. butterfly,image_1401.jpg
1402,"Ciao, Professore!","ciao, professore!",image_1402.jpg
1403,Caro Diario,caro diario,image_1403.jpg
1404,Withnail and I,withnail and i,image_1404.jpg
1405,Boy's Life 2,boy's life 2,image_1405.jpg
1406,When Night Is Falling,when night is falling,image_1406.jpg
1407,The Specialist,the specialist,image_1407.jpg
1408,Gordy,gordy,image_1408.jpg
1409,The Swan Princess,the swan princess,image_1409.jpg
1410,Harlem,harlem,image_1410.jpg
1411,Barbarella,barbarella,image_1411.jpg
1412,Land Before Time III: The Time of the Great Giving,land before time iii: the time of the great giving,image_1412.jpg
1413,Street Fighter,street fighter,image_1413.jpg
1414,Coldblooded,coldblooded,image_1414.jpg
1415,The Next Karate Kid,the next karate kid,image_1415.jpg
1416,No Escape,no escape,image_1416.jpg
1417,The Turning,the turning,image_1417.jpg
1418,The Joy Luck Club,the joy luck club,image_1418.jpg
1419,Highlander III: The Sorcerer,highlander iii: the sorcerer,image_1419.jpg
1420,Gilligan's Island: The Movie,gilligan's island: the movie,image_1420.jpg
1421,My Crazy Life,my crazy life,image_1421.jpg
1422,Suture,suture,image_1422.jpg
1423,The Walking Dead,the walking dead,image_1423.jpg
1424,I Like It Like That,i like it like that,image_1424.jpg
1425,I'll Do Anything,i'll do anything,image_1425.jpg
1426,Grace of My Heart,grace of my heart,image_1426.jpg
1427,Drunks,drunks,image_1427.jpg
1428,SubUrbia,suburbia,image_1428.jpg
1429,Sliding Doors,sliding doors,image_1429.jpg
1430,Ill Gotten Gains,ill gotten gains,image_1430.jpg
1431,Legal Deceit,legal deceit,image_1431.jpg
1432,The Mighty,the mighty,image_1432.jpg
1433,Men of Means,men of means,image_1433.jpg
1434,Shooting Fish,shooting fish,image_1434.jpg
1435,"Steal Big, Steal Little","steal big, steal little",image_1435.jpg
1436,Mr. Jones,mr. jones,image_1436.jpg
1437,House Party 3,house party 3,image_1437.jpg
1438,Panther,panther,image_1438.jpg
1439,Jason's Lyric,jason's lyric,image_1439.jpg
1440,Above the Rim,above the rim,image_1440.jpg
1441,Moonlight and Valentino,moonlight and valentino,image_1441.jpg
1442,The Scarlet Letter,the scarlet letter,image_1442.jpg
1443,8 Seconds,8 seconds,image_1443.jpg
1444,That Darn Cat!,that darn cat!,image_1444.jpg
1445,Ladybird Ladybird,ladybird ladybird,image_1445.jpg
1446,"Bye Bye, Love","bye bye, love",image_1446.jpg
1447,Century,century,image_1447.jpg
1448,My Favorite Season,my favorite season,image_1448.jpg
1449,Pather Panchali,pather panchali,image_1449.jpg
1450,Golden Earrings,golden earrings,image_1450.jpg
1451,Foreign Correspondent,foreign correspondent,image_1451.jpg
1452,Lady of Burlesque,lady of burlesque,image_1452.jpg
1453,Angel on My Shoulder,angel on my shoulder,image_1453.jpg
1454,Angel and the Badman,angel and the badman,image_1454.jpg
1455,The Outlaw,the outlaw,image_1455.jpg
1456,Beat the Devil,beat the devil,image_1456.jpg
1457,Love Is All There Is,love is all there is,image_1457.jpg
1458,A Damsel in Distress,a damsel in distress,image_1458.jpg
1459,Madame Butterfly,madame butterfly,image_1459.jpg
1460,Sleepover,sleepover,image_1460.jpg
1461,Here Comes Cookie,here comes cookie,image_1461.jpg
1462,Thieves,thieves,image_1462.jpg
1463,"Boys, Les","boys, les",image_1463.jpg
1464,The Stars Fell on Henrietta,the stars fell on henrietta,image_1464.jpg
1465,Last Summer in the Hamptons,last summer in the hamptons,image_1465.jpg
1466,Margaret's Museum,margaret's museum,image_1466.jpg
1467,The Saint of Fort Washington,the saint of fort washington,image_1467.jpg
1468,The Cure,the cure,image_1468.jpg
1469,Tom and Huck,tom and huck,image_1469.jpg
1470,Gumby: The Movie,gumby: the movie,image_1470.jpg
1471,Hideaway,hideaway,image_1471.jpg
1472,The Visitors,the visitors,image_1472.jpg
1473,The Little Princess,the little princess,image_1473.jpg
1474,Nina Takes a Lover,nina takes a lover,image_1474.jpg
1475,Bhaji on the Beach,bhaji on the beach,image_1475.jpg
1476,Raw Deal,raw deal,image_1476.jpg
1477,Nightwatch,nightwatch,image_1477.jpg
1478,Dead Presidents,dead presidents,image_1478.jpg
1479,Reckless,reckless,image_1479.jpg
1480,Herbie Rides Again,herbie rides again,image_1480.jpg
1481,S.F.W.,s.f.w.,image_1481.jpg
1482,The Gate of Heavenly Peace,the gate of heavenly peace,image_1482.jpg
1483,The Man in the Iron Mask,the man in the iron mask,image_1483.jpg
1484,The Jerky Boys,the jerky boys,image_1484.jpg
1485,"Colonel Chabert, Le","colonel chabert, le",image_1485.jpg
1486,Girl in the Cadillac,girl in the cadillac,image_1486.jpg
1487,Even Cowgirls Get the Blues,even cowgirls get the blues,image_1487.jpg
1488,Germinal,germinal,image_1488.jpg
1489,Chasers,chasers,image_1489.jpg
1490,Fausto,fausto,image_1490.jpg
1491,Tough and Deadly,tough and deadly,image_1491.jpg
1492,Window to Paris,window to paris,image_1492.jpg
1493,A Modern Affair,a modern affair,image_1493.jpg
1494,"Mostro, Il","mostro, il",image_1494.jpg
1495,Flirt,flirt,image_1495.jpg
1496,Carpool,carpool,image_1496.jpg
1497,The Line King: Al Hirschfeld,the line king: al hirschfeld,image_1497.jpg
1498,Farmer & Chase,farmer & chase,image_1498.jpg
1499,Grosse Fatigue,grosse fatigue,image_1499.jpg
1500,Santa with Muscles,santa with muscles,image_1500.jpg
1501,Prisoner of the Mountains,prisoner of the mountains,image_1501.jpg
1502,Naked in New York,naked in new york,image_1502.jpg
1503,Gold Diggers: The Secret of Bear Mountain,gold diggers: the secret of bear mountain,image_1503.jpg
1504,"Bewegte Mann, Der","bewegte mann, der",image_1504.jpg
1505,Killer: A Journal of Murder,killer: a journal of murder,image_1505.jpg
1506,Nelly & Monsieur Arnaud,nelly & monsieur arnaud,image_1506.jpg
1507,Three Lives and Only One Death,three lives and only one death,image_1507.jpg
1508,The Babysitter,the babysitter,image_1508.jpg
1509,Getting Even with Dad,getting even with dad,image_1509.jpg
1510,Mad Dog Time,mad dog time,image_1510.jpg
1511,Children of the Revolution,children of the revolution,image_1511.jpg
1512,The World of Apu,the world of apu,image_1512.jpg
1513,Sprung,sprung,image_1513.jpg
1514,Dream With the Fishes,dream with the fishes,image_1514.jpg
1515,Wings of Courage,wings of courage,image_1515.jpg
1516,The Wedding Gift,the wedding gift,image_1516.jpg
1517,Race the Sun,race the sun,image_1517.jpg
1518,Losing Isaiah,losing isaiah,image_1518.jpg
1519,New Jersey Drive,new jersey drive,image_1519.jpg
1520,The Fear,the fear,image_1520.jpg
1521,Mr. Wonderful,mr. wonderful,image_1521.jpg
1522,Trial by Jury,trial by jury,image_1522.jpg
1523,A Good Man in Africa,a good man in africa,image_1523.jpg
1524,Kaspar Hauser,kaspar hauser,image_1524.jpg
1525,The Object of My Affection,the object of my affection,image_1525.jpg
1526,Witness,witness,image_1526.jpg
1527,Senseless,senseless,image_1527.jpg
1528,Nowhere,nowhere,image_1528.jpg
1529,Underground,underground,image_1529.jpg
1530,Jefferson in Paris,jefferson in paris,image_1530.jpg
1531,Far From Home: The Adventures of Yellow Dog,far from home: the adventures of yellow dog,image_1531.jpg
1532,Foreign Student,foreign student,image_1532.jpg
1533,I Don't Want to Talk About It,i don't want to talk about it,image_1533.jpg
1534,Twin Town,twin town,image_1534.jpg
1535,L'Enfer,l'enfer,image_1535.jpg
1536,Aiqing wansui,aiqing wansui,image_1536.jpg
1537,Cosi,cosi,image_1537.jpg
1538,All Over Me,all over me,image_1538.jpg
1539,Being Human,being human,image_1539.jpg
1540,The Amazing Panda Adventure,the amazing panda adventure,image_1540.jpg
1541,"The Beans of Egypt, Maine","the beans of egypt, maine",image_1541.jpg
1542,The Scarlet Letter,the scarlet letter,image_1542.jpg
1543,Johns,johns,image_1543.jpg
1544,It Takes Two,it takes two,image_1544.jpg
1545,Frankie Starlight,frankie starlight,image_1545.jpg
1546,Shadows,shadows,image_1546.jpg
1547,The Show,the show,image_1547.jpg
1548,The Courtyard,the courtyard,image_1548.jpg
1549,Dream Man,dream man,image_1549.jpg
1550,Destiny Turns on the Radio,destiny turns on the radio,image_1550.jpg
1551,The Glass Shield,the glass shield,image_1551.jpg
1552,The Hunted,the hunted,image_1552.jpg
1553,The Underneath,the underneath,image_1553.jpg
1554,Safe Passage,safe passage,image_1554.jpg
1555,The Secret Adventures of Tom Thumb,the secret adventures of tom thumb,image_1555.jpg
1556,Condition Red,condition red,image_1556.jpg
1557,Yankee Zulu,yankee zulu,image_1557.jpg
1558,Aparajito,aparajito,image_1558.jpg
1559,Hostile Intentions,hostile intentions,image_1559.jpg
1560,Clean Slate,clean slate,image_1560.jpg
1561,Tigrero: A Film That Was Never Made,tigrero: a film that was never made,image_1561.jpg
1562,The Eye of Vichy,the eye of vichy,image_1562.jpg
1563,The Promise,the promise,image_1563.jpg
1564,To Cross the Rubicon,to cross the rubicon,image_1564.jpg
1565,Daens,daens,image_1565.jpg
1566,The Man from Down Under,the man from down under,image_1566.jpg
1567,Careful,careful,image_1567.jpg
1568,Vermont Is For Lovers,vermont is for lovers,image_1568.jpg
1569,Life is Rosy,life is rosy,image_1569.jpg
1570,Quartier Mozart,quartier mozart,image_1570.jpg
1571,Touki Bouki,touki bouki,image_1571.jpg
1572,Wend Kuuni,wend kuuni,image_1572.jpg
1573,Spirits of the Dead,spirits of the dead,image_1573.jpg
1574,Pharaoh's Army,pharaoh's army,image_1574.jpg
1575,"I, Worst of All","i, worst of all",image_1575.jpg
1576,A Hungarian Fairy Tale,a hungarian fairy tale,image_1576.jpg
1577,Death in the Garden,death in the garden,image_1577.jpg
1578,A Collectionneuse,a collectionneuse,image_1578.jpg
1579,Baton Rouge,baton rouge,image_1579.jpg
1580,Liebelei,liebelei,image_1580.jpg
1581,The Woman in Question,the woman in question,image_1581.jpg
1582,T-Men,t-men,image_1582.jpg
1583,The Invitation,the invitation,image_1583.jpg
1584,La Symphonie pastorale,la symphonie pastorale,image_1584.jpg
1585,American Dream,american dream,image_1585.jpg
1586,Lashou shentan,lashou shentan,image_1586.jpg
1587,Terror in a Texas Town,terror in a texas town,image_1587.jpg
1588,Salut cousin!,salut cousin!,image_1588.jpg
1589,Schizopolis,schizopolis,image_1589.jpg
1590,"To Have, or Not","to have, or not",image_1590.jpg
1591,Duoluo tianshi,duoluo tianshi,image_1591.jpg
1592,The Magic Hour,the magic hour,image_1592.jpg
1593,Death in Brunswick,death in brunswick,image_1593.jpg
1594,Everest,everest,image_1594.jpg
1595,Shopping,shopping,image_1595.jpg
1596,Nemesis 2: Nebula,nemesis 2: nebula,image_1596.jpg
1597,Romper Stomper,romper stomper,image_1597.jpg
1598,City of Industry,city of industry,image_1598.jpg
1599,Someone Else's America,someone else's america,image_1599.jpg
1600,Guantanamera,guantanamera,image_1600.jpg
1601,Office Killer,office killer,image_1601.jpg
1602,A Price Above Rubies,a price above rubies,image_1602.jpg
1603,Angela,angela,image_1603.jpg
1604,He Walked by Night,he walked by night,image_1604.jpg
1605,Love Serenade,love serenade,image_1605.jpg
1606,Deceiver,deceiver,image_1606.jpg
1607,Hurricane Streets,hurricane streets,image_1607.jpg
1608,Buddy,buddy,image_1608.jpg
1609,B*A*P*S,b*a*p*s,image_1609.jpg
1610,"Truth or Consequences, N.M.","truth or consequences, n.m.",image_1610.jpg
1611,Intimate Relations,intimate relations,image_1611.jpg
1612,The Leading Man,the leading man,image_1612.jpg
1613,Tokyo Fist,tokyo fist,image_1613.jpg
1614,The Reluctant Debutante,the reluctant debutante,image_1614.jpg
1615,Warriors of Virtue,warriors of virtue,image_1615.jpg
1616,Desert Winds,desert winds,image_1616.jpg
1617,Hugo Pool,hugo pool,image_1617.jpg
1618,King of New York,king of new york,image_1618.jpg
1619,All Things Fair,all things fair,image_1619.jpg
1620,The Sixth Man,the sixth man,image_1620.jpg
1621,Butterfly Kiss,butterfly kiss,image_1621.jpg
1622,"Paris, France","paris, france",image_1622.jpg
1623,La Ceremonie,la ceremonie,image_1623.jpg
1624,Hush,hush,image_1624.jpg
1625,Nightwatch,nightwatch,image_1625.jpg
1626,Nobody Loves Me,nobody loves me,image_1626.jpg
1627,The Wife,the wife,image_1627.jpg
1628,Lamerica,lamerica,image_1628.jpg
1629,Nico Icon,nico icon,image_1629.jpg
1630,The Silence of the Palace,the silence of the palace,image_1630.jpg
1631,The Slingshot,the slingshot,image_1631.jpg
1632,Land and Freedom,land and freedom,image_1632.jpg
1633,Cold Fever,cold fever,image_1633.jpg
1634,Under the Domin Tree,under the domin tree,image_1634.jpg
1635,Two Friends ,two friends ,image_1635.jpg
1636,Brothers in Trouble,brothers in trouble,image_1636.jpg
1637,Girls Town,girls town,image_1637.jpg
1638,Normal Life,normal life,image_1638.jpg
1639,Bitter Sugar,bitter sugar,image_1639.jpg
1640,The Eighth Day,the eighth day,image_1640.jpg
1641,Dadetown,dadetown,image_1641.jpg
1642,Some Mother's Son,some mother's son,image_1642.jpg
1643,Angel Baby,angel baby,image_1643.jpg
1644,Sudden Manhattan,sudden manhattan,image_1644.jpg
1645,The Butcher Boy,the butcher boy,image_1645.jpg
1646,Men With Guns,men with guns,image_1646.jpg
1647,Hana-bi,hana-bi,image_1647.jpg
1648,"Niagara, Niagara","niagara, niagara",image_1648.jpg
1649,The Big One,the big one,image_1649.jpg
1650,The Butcher Boy,the butcher boy,image_1650.jpg
1651,The Spanish Prisoner,the spanish prisoner,image_1651.jpg
1652,Temptress Moon,temptress moon,image_1652.jpg
1653,Entertaining Angels: The Dorothy Day Story,entertaining angels: the dorothy day story,image_1653.jpg
1654,Chairman of the Board,chairman of the board,image_1654.jpg
1655,The Favor,the favor,image_1655.jpg
1656,Little City,little city,image_1656.jpg
1657,Target,target,image_1657.jpg
1658,The Substance of Fire,the substance of fire,image_1658.jpg
1659,Getting Away With Murder,getting away with murder,image_1659.jpg
1660,Small Faces,small faces,image_1660.jpg
1661,The New Age,the new age,image_1661.jpg
1662,Rough Magic,rough magic,image_1662.jpg
1663,Nothing Personal,nothing personal,image_1663.jpg
1664,8 Heads in a Duffel Bag,8 heads in a duffel bag,image_1664.jpg
1665,A Brother's Kiss,a brother's kiss,image_1665.jpg
1666,Ripe,ripe,image_1666.jpg
1667,The Next Step,the next step,image_1667.jpg
1668,Wedding Bell Blues,wedding bell blues,image_1668.jpg
1669,MURDER and murder,murder and murder,image_1669.jpg
1670,Tainted,tainted,image_1670.jpg
1671,A Further Gesture,a further gesture,image_1671.jpg
1672,Kika,kika,image_1672.jpg
1673,Mirage,mirage,image_1673.jpg
1674,Mamma Roma,mamma roma,image_1674.jpg
1675,The Sunchaser,the sunchaser,image_1675.jpg
1676,The War at Home,the war at home,image_1676.jpg
1677,Sweet Nothing,sweet nothing,image_1677.jpg
1678,Mother and Son,mother and son,image_1678.jpg
1679,B. Monkey,b. monkey,image_1679.jpg
1680,Sliding Doors,sliding doors,image_1680.jpg
1681,You So Crazy,you so crazy,image_1681.jpg
1682,Scream of Stone,scream of stone,image_1682.jpg
